application_id,company_id,free_cash_flow,monthly_burn_rate,cash_flow_to_revenue_ratio,expected_runway_months,cash_flow_pressure_score,runway_risk_score,cash_conversion_risk_score,cash_balance_at_application
APP-00001,CO-00001,-130774.58,13218.01,-0.044,27.3,0.0928,0.0,0.4037,361358.63
APP-00002,CO-00002,-29080.09,3699.42,-0.0375,26.7,0.0943,0.0,0.4041,98825.91
APP-00003,CO-00003,-600022.66,56237.25,-0.1293,20.0,0.2581,0.0,0.6308,1124999.69
APP-00004,CO-00004,226575.24,6817.0,0.0404,60.0,0.0187,0.0,0.2112,1031764.36
APP-00005,CO-00005,-17398.55,1985.38,-0.0559,44.8,0.1291,0.0,0.3847,88944.66
APP-00006,CO-00006,98399.98,1218.79,0.1651,40.5,0.0316,0.0,0.0788,49313.23
APP-00007,CO-00007,-153182.48,14449.17,-0.0615,43.0,0.1234,0.0,0.4806,620698.51
APP-00008,CO-00008,-191533.03,18763.23,-0.1199,14.4,0.2472,0.0,0.639,271058.27
APP-00009,CO-00009,-31516.96,4740.23,-0.0146,11.6,0.042,0.0333,0.3255,55025.11
APP-00010,CO-00010,-20599.98,2266.47,-0.0221,51.8,0.0496,0.0,0.3067,117319.73
APP-00011,CO-00011,-1144227.22,99482.35,-0.2167,4.3,0.4099,0.6417,0.7063,424179.76
APP-00012,CO-00012,-1087440.34,95542.84,-0.228,1.5,0.4344,0.875,0.7622,142851.28
APP-00013,CO-00013,-328182.84,31812.28,-0.1402,17.4,0.2868,0.0,0.6979,554544.54
APP-00014,CO-00014,126576.26,7918.52,0.0187,60.0,0.0181,0.0,0.2407,1770877.07
APP-00015,CO-00015,-236315.96,24618.5,-0.0676,1.4,0.1458,0.8833,0.5241,34973.26
APP-00016,CO-00016,58247.08,363.28,0.0628,60.0,0.006,0.0,0.0652,54408.32
APP-00017,CO-00017,-150767.67,13975.02,-0.0476,12.2,0.0942,0.0,0.4352,170635.52
APP-00018,CO-00018,-122036.52,11828.99,-0.1453,18.1,0.2972,0.0,0.6262,214622.82
APP-00019,CO-00019,-435919.16,45823.28,-0.0826,22.3,0.1795,0.0,0.4547,1020569.01
APP-00020,CO-00020,-181428.72,17600.13,-0.087,17.9,0.1781,0.0,0.5212,315887.3
APP-00021,CO-00021,-186503.84,16787.91,-0.1024,18.6,0.1985,0.0,0.5291,312645.99
APP-00022,CO-00022,-195565.69,16744.82,-0.1763,15.5,0.3299,0.0,0.764,259306.37
APP-00023,CO-00023,-1359740.65,128493.19,-0.1827,4.9,0.3669,0.5917,0.6913,625777.0
APP-00024,CO-00024,-602279.58,50834.45,-0.3208,0.4,0.5942,0.9667,0.7651,18775.35
APP-00025,CO-00025,-24918.22,3146.28,-0.0175,60.0,0.0436,0.0,0.387,199808.27
APP-00026,CO-00026,-295621.02,26992.89,-0.1919,14.4,0.3758,0.0,0.7695,387761.44
APP-00027,CO-00027,-672669.73,63424.15,-0.1803,9.1,0.3614,0.2417,0.8145,576803.38
APP-00028,CO-00028,-39134.2,4960.77,-0.0124,60.0,0.0311,0.0,0.3083,799259.37
APP-00029,CO-00029,456674.0,5587.63,0.1379,60.0,0.026,0.0,0.1175,810793.72
APP-00030,CO-00030,-154591.93,15963.82,-0.0459,14.1,0.0983,0.0,0.4125,225020.3
APP-00031,CO-00031,-725420.22,88860.92,-0.0389,40.7,0.0949,0.0,0.4063,3614286.73
APP-00032,CO-00032,-81187.23,7498.9,-0.0556,41.0,0.1099,0.0,0.4694,307466.2
APP-00033,CO-00033,-367253.66,33029.11,-0.2797,0.4,0.542,0.9667,0.7655,13878.63
APP-00034,CO-00034,-19026.87,3111.21,-0.0196,58.0,0.0602,0.0,0.3315,180322.16
APP-00035,CO-00035,72654.92,8137.07,0.0179,43.8,0.0309,0.0,0.2051,356631.54
APP-00036,CO-00036,232536.18,8216.97,0.0343,60.0,0.0187,0.0,0.2363,1480796.49
APP-00037,CO-00037,-248400.57,24389.29,-0.127,3.1,0.2623,0.7417,0.6317,75020.11
APP-00038,CO-00038,-46222.29,5061.63,-0.0489,21.3,0.1094,0.0,0.3777,107843.71
APP-00039,CO-00039,11914.32,1182.47,0.0124,60.0,0.019,0.0,0.3038,154338.73
APP-00040,CO-00040,-177196.36,16861.75,-0.0422,35.2,0.0851,0.0,0.4015,592903.18
APP-00041,CO-00041,29908.31,8101.06,0.0065,5.7,0.0271,0.525,0.3048,46077.68
APP-00042,CO-00042,-386557.55,36191.56,-0.1025,7.5,0.2044,0.375,0.5223,270693.93
APP-00043,CO-00043,-97871.73,9714.14,-0.0869,26.7,0.1809,0.0,0.5485,259531.66
APP-00044,CO-00044,-450827.74,41637.59,-0.1631,19.2,0.3221,0.0,0.7192,801218.29
APP-00045,CO-00045,-203670.83,21132.35,-0.0827,22.7,0.1779,0.0,0.5036,480732.96
APP-00046,CO-00046,-348407.46,32688.55,-0.1278,0.8,0.2552,0.9333,0.6466,27269.34
APP-00047,CO-00047,501780.2,7428.25,0.0958,60.0,0.0219,0.0,0.095,1011622.63
APP-00048,CO-00048,-36836.19,6480.47,-0.0134,60.0,0.0439,0.0,0.2877,538866.66
APP-00049,CO-00049,-1368695.02,120140.29,-0.3168,2.8,0.6032,0.7667,0.7772,341270.78
APP-00050,CO-00050,-7027.46,3189.73,-0.003,60.0,0.0226,0.0,0.229,210167.97
APP-00051,CO-00051,-142002.0,16784.31,-0.0485,5.1,0.1152,0.575,0.4215,85004.46
APP-00052,CO-00052,-609750.8,58029.11,-0.148,0.7,0.2987,0.9417,0.7206,41196.89
APP-00053,CO-00053,-26721.93,2858.77,-0.0524,30.6,0.1152,0.0,0.4234,87393.66
APP-00054,CO-00054,-18975.19,2520.28,-0.0119,37.9,0.031,0.0,0.3671,95566.51
APP-00055,CO-00055,-153967.3,14181.8,-0.1125,12.4,0.2217,0.0,0.6025,175442.3
APP-00056,CO-00056,-31343.67,4697.85,-0.0271,27.0,0.0776,0.0,0.4341,126899.63
APP-00057,CO-00057,-305846.37,28711.83,-0.1838,8.6,0.3673,0.2833,0.769,245502.93
APP-00058,CO-00058,-1219759.54,109470.13,-0.1248,13.3,0.2415,0.0,0.6174,1457099.52
APP-00059,CO-00059,44043.82,1825.56,0.0478,60.0,0.0306,0.0,0.1444,143324.57
APP-00060,CO-00060,-379255.01,36322.48,-0.0657,1.6,0.1333,0.8667,0.5224,57705.52
APP-00061,CO-00061,-14526.5,2001.12,-0.0357,2.2,0.0954,0.8167,0.3691,4343.7
APP-00062,CO-00062,-179552.05,18051.57,-0.1145,10.0,0.2406,0.1667,0.6613,179656.96
APP-00063,CO-00063,-113322.07,12581.11,-0.0439,25.8,0.0994,0.0,0.3911,324721.81
APP-00064,CO-00064,-297279.09,32636.96,-0.0755,14.5,0.1694,0.0,0.4805,473279.62
APP-00065,CO-00065,-1023463.18,91065.61,-0.2293,4.1,0.441,0.6583,0.7824,371155.62
APP-00066,CO-00066,501595.72,4826.98,0.1035,37.2,0.0154,0.0,0.0606,179711.5
APP-00067,CO-00067,232252.5,2707.47,0.1502,25.1,0.027,0.0,0.0908,68005.25
APP-00068,CO-00068,-20385.21,2420.89,-0.0148,60.0,0.0352,0.0,0.3481,226419.48
APP-00069,CO-00069,-17297.7,5123.49,-0.0033,60.0,0.0171,0.0,0.2503,842361.79
APP-00070,CO-00070,-198302.48,17803.83,-0.1096,19.2,0.212,0.0,0.5379,341003.53
APP-00071,CO-00071,47891.86,870.09,0.0783,18.0,0.0219,0.0,0.0836,15692.83
APP-00072,CO-00072,-20972.27,2858.1,-0.0297,58.2,0.0788,0.0,0.3668,166425.16
APP-00073,CO-00073,103691.73,1571.72,0.1187,57.7,0.0278,0.0,0.1027,90733.29
APP-00074,CO-00074,149313.6,6874.05,0.0414,60.0,0.0294,0.0,0.1137,733036.47
APP-00075,CO-00075,278644.33,4711.46,0.1103,60.0,0.0288,0.0,0.0475,342504.06
APP-00076,CO-00076,-281952.56,30169.68,-0.0645,20.0,0.142,0.0,0.4265,604295.17
APP-00077,CO-00077,-105782.48,11580.02,-0.074,30.8,0.1657,0.0,0.4172,356878.93
APP-00078,CO-00078,-123766.27,12407.95,-0.0482,2.1,0.1011,0.825,0.4777,25677.48
APP-00079,CO-00079,-605065.46,56986.69,-0.1477,0.7,0.2959,0.9417,0.7219,40962.82
APP-00080,CO-00080,-170815.97,14986.52,-0.1062,5.4,0.2022,0.55,0.5034,81488.74
APP-00081,CO-00081,105392.13,1911.58,0.0305,60.0,0.0085,0.0,0.2233,975857.27
APP-00082,CO-00082,-203659.44,17795.73,-0.1802,14.6,0.342,0.0,0.7694,259203.21
APP-00083,CO-00083,-157509.79,13907.73,-0.1033,20.4,0.1976,0.0,0.5592,283196.25
APP-00084,CO-00084,-246711.63,23585.95,-0.1649,7.9,0.334,0.3417,0.6993,187127.73
APP-00085,CO-00085,-79416.24,7379.7,-0.1198,0.9,0.2377,0.925,0.6272,6627.55
APP-00086,CO-00086,446075.55,6847.07,0.1251,60.0,0.0296,0.0,0.0456,881145.67
APP-00087,CO-00087,167888.53,1599.83,0.1225,15.7,0.018,0.0,0.1196,25183.26
APP-00088,CO-00088,-51575.86,7754.42,-0.0232,8.6,0.0667,0.2833,0.4229,66998.19
APP-00089,CO-00089,-264545.22,25221.98,-0.0746,28.5,0.1509,0.0,0.5196,718494.0
APP-00090,CO-00090,83406.65,6839.16,0.0244,42.1,0.0308,0.0,0.1844,287934.53
APP-00091,CO-00091,-101467.5,10136.78,-0.0238,60.0,0.0498,0.0,0.3133,1062600.07
APP-00092,CO-00092,-184469.62,18457.93,-0.0929,26.0,0.1945,0.0,0.4822,480600.45
APP-00093,CO-00093,34018.05,2865.05,0.0237,60.0,0.0308,0.0,0.2068,349840.55
APP-00094,CO-00094,29411.16,3465.23,0.0145,60.0,0.0264,0.0,0.2287,395886.34
APP-00095,CO-00095,-89561.48,8185.75,-0.2209,3.5,0.433,0.7083,0.7873,28716.31
APP-00096,CO-00096,-13115.74,1534.69,-0.0254,60.0,0.0599,0.0,0.3293,101748.67
APP-00097,CO-00097,-67935.8,6317.54,-0.1164,18.5,0.231,0.0,0.6231,116743.39
APP-00098,CO-00098,-117729.49,10272.89,-0.1456,18.6,0.2762,0.0,0.6092,191119.22
APP-00099,CO-00099,-395261.06,36180.7,-0.1209,24.3,0.2373,0.0,0.5698,878183.48
APP-00100,CO-00100,-53847.18,4795.69,-0.0608,45.3,0.1169,0.0,0.491,217427.78
APP-00101,CO-00101,-48474.74,6586.03,-0.0323,38.0,0.0854,0.0,0.4224,250350.25
APP-00102,CO-00102,184983.48,16077.44,0.023,60.0,0.0309,0.0,0.2137,2142591.03
APP-00103,CO-00103,41305.03,2393.59,0.0269,36.3,0.0241,0.0,0.2407,86825.65
APP-00104,CO-00104,-92509.68,15732.8,-0.0202,60.0,0.0641,0.0,0.3006,1336549.63
APP-00105,CO-00105,110204.05,1061.24,0.1279,60.0,0.019,0.0,0.0536,235483.35
APP-00106,CO-00106,-49938.81,5354.85,-0.028,3.3,0.0617,0.725,0.3408,17843.46
APP-00107,CO-00107,-52135.5,5696.09,-0.0615,24.0,0.1375,0.0,0.4686,136915.92
APP-00108,CO-00108,-51949.5,5667.2,-0.0333,33.5,0.0743,0.0,0.4022,189864.68
APP-00109,CO-00109,-797283.59,72215.84,-0.157,17.1,0.3058,0.0,0.6732,1232251.64
APP-00110,CO-00110,21273.66,743.8,0.0546,7.3,0.0295,0.3917,0.1549,5421.92
APP-00111,CO-00111,-349356.45,32449.09,-0.1033,12.3,0.2048,0.0,0.6006,398487.8
APP-00112,CO-00112,226709.97,2333.92,0.0816,60.0,0.013,0.0,0.0421,436950.01
APP-00113,CO-00113,-47793.02,4453.07,-0.0395,37.3,0.0785,0.0,0.3297,166310.48
APP-00114,CO-00114,22134.12,805.48,0.0429,60.0,0.0241,0.0,0.1798,143128.42
APP-00115,CO-00115,-294601.59,26222.24,-0.1251,11.3,0.2406,0.0583,0.6334,296372.91
APP-00116,CO-00116,-24205.94,3891.31,-0.0188,31.9,0.0568,0.0,0.3523,124324.34
APP-00117,CO-00117,62995.71,2695.91,0.0228,60.0,0.015,0.0,0.2357,619670.77
APP-00118,CO-00118,-509271.57,46273.14,-0.2274,1.3,0.4438,0.8917,0.7536,61673.86
APP-00119,CO-00119,-1376549.19,135269.16,-0.1266,7.2,0.2616,0.4,0.5907,972428.15
APP-00120,CO-00120,127753.17,1286.41,0.0741,60.0,0.0115,0.0,0.0985,113698.7
APP-00121,CO-00121,57502.04,1354.25,0.073,60.0,0.0265,0.0,0.0775,218218.45
APP-00122,CO-00122,-23264.19,3513.6,-0.0089,60.0,0.0256,0.0,0.3647,577029.27
APP-00123,CO-00123,101264.18,1583.57,0.0371,60.0,0.0089,0.0,0.1476,512032.56
APP-00124,CO-00124,-780825.06,74308.52,-0.0915,10.4,0.1847,0.1333,0.5248,773458.67
APP-00125,CO-00125,-18024.33,6054.18,-0.0036,60.0,0.0205,0.0,0.2878,629695.72
APP-00126,CO-00126,-283239.91,30055.93,-0.0905,15.7,0.1979,0.0,0.538,471219.13
APP-00127,CO-00127,90071.68,16475.06,0.0095,60.0,0.0269,0.0,0.2602,1320629.85
APP-00128,CO-00128,-30408.17,3796.35,-0.0456,10.5,0.1128,0.125,0.4291,39999.27
APP-00129,CO-00129,-28809.86,3061.13,-0.0249,3.8,0.0546,0.6833,0.3919,11557.37
APP-00130,CO-00130,17078.01,1373.12,0.0197,60.0,0.0244,0.0,0.2988,191394.14
APP-00131,CO-00131,-19736.98,3708.61,-0.0133,58.4,0.0459,0.0,0.3618,216634.62
APP-00132,CO-00132,-60149.79,5292.91,-0.1087,1.0,0.2075,0.9167,0.6375,5531.11
APP-00133,CO-00133,-611322.47,58066.11,-0.1478,19.0,0.2979,0.0,0.6768,1102687.23
APP-00134,CO-00134,-30431.98,5742.53,-0.0173,30.6,0.06,0.0,0.338,175580.1
APP-00135,CO-00135,91060.92,973.12,0.1809,60.0,0.0298,0.0,0.0685,103440.55
APP-00136,CO-00136,35706.93,1569.89,0.045,27.4,0.0305,0.0,0.1382,43050.83
APP-00137,CO-00137,-226819.2,20466.65,-0.0757,36.1,0.1469,0.0,0.516,739461.72
APP-00138,CO-00138,177116.12,9510.18,0.035,25.2,0.029,0.0,0.133,239699.44
APP-00139,CO-00139,1156199.94,32079.12,0.0716,60.0,0.0307,0.0,0.0681,4778650.84
APP-00140,CO-00140,190669.57,62276.05,0.0047,60.0,0.0238,0.0,0.3209,6911512.03
APP-00141,CO-00141,-59002.63,7089.41,-0.0178,40.8,0.0428,0.0,0.2795,289326.42
APP-00142,CO-00142,-115822.01,10494.79,-0.1422,1.8,0.277,0.85,0.7314,18887.28
APP-00143,CO-00143,-34792.81,3027.01,-0.1339,19.3,0.2533,0.0,0.6351,58341.82
APP-00144,CO-00144,751580.21,975.93,0.2624,42.8,0.0053,0.0,0.0769,41739.75
APP-00145,CO-00145,-198359.06,18418.85,-0.2041,0.5,0.4046,0.9583,0.7704,9719.49
APP-00146,CO-00146,-100222.48,11295.35,-0.0693,26.5,0.1586,0.0,0.4253,299147.57
APP-00147,CO-00147,-141360.03,14087.49,-0.119,0.8,0.2484,0.9333,0.6678,11881.44
APP-00148,CO-00148,-218718.76,19707.05,-0.1149,12.3,0.2229,0.0,0.6052,242181.21
APP-00149,CO-00149,52640.92,9036.95,0.0083,60.0,0.0219,0.0,0.2376,1099012.22
APP-00150,CO-00150,481760.86,3096.72,0.1879,16.8,0.0186,0.0,0.03,52133.41
APP-00151,CO-00151,-378811.56,33814.09,-0.2026,5.7,0.3904,0.525,0.7427,193011.08
APP-00152,CO-00152,-100302.17,9200.91,-0.1289,0.8,0.2534,0.9333,0.6066,7778.95
APP-00153,CO-00153,-57706.84,5622.01,-0.1406,21.1,0.2886,0.0,0.6132,118561.3
APP-00154,CO-00154,-42571.98,5861.69,-0.0316,2.5,0.0845,0.7917,0.4376,14444.1
APP-00155,CO-00155,-79822.36,10421.53,-0.0384,41.5,0.0986,0.0,0.351,432976.21
APP-00156,CO-00156,-1542912.43,133633.0,-0.1202,14.6,0.2267,0.0,0.67,1947394.93
APP-00157,CO-00157,-16251.81,3985.91,-0.0065,60.0,0.0282,0.0,0.2548,595888.46
APP-00158,CO-00158,-1087912.82,98737.56,-0.1858,3.1,0.3624,0.7417,0.7682,307606.53
APP-00159,CO-00159,-106602.44,10860.07,-0.0802,7.1,0.1701,0.4083,0.4779,77613.35
APP-00160,CO-00160,-125985.62,11771.41,-0.188,8.4,0.3745,0.3,0.7175,98914.18
APP-00161,CO-00161,-86826.76,7757.77,-0.104,18.7,0.2006,0.0,0.6151,145189.87
APP-00162,CO-00162,-55487.81,5144.85,-0.0523,48.7,0.1036,0.0,0.3714,250693.02
APP-00163,CO-00163,-2707871.89,260571.57,-0.1471,0.7,0.2993,0.9417,0.7011,184112.0
APP-00164,CO-00164,-41934.98,4670.31,-0.0435,44.6,0.0987,0.0,0.4045,208282.78
APP-00165,CO-00165,32321.03,6471.85,0.0064,12.6,0.0197,0.0,0.2777,81499.98
APP-00166,CO-00166,-22758.25,3576.16,-0.0256,33.3,0.0762,0.0,0.3685,119067.24
APP-00167,CO-00167,-740892.64,70894.29,-0.1332,10.8,0.2699,0.1,0.6629,763532.32
APP-00168,CO-00168,18468.95,5191.44,0.0057,36.3,0.0249,0.0,0.2142,188707.65
APP-00169,CO-00169,-78646.28,7788.33,-0.042,60.0,0.0872,0.0,0.382,536925.58
APP-00170,CO-00170,-203286.77,19929.59,-0.0966,21.0,0.1993,0.0,0.4932,418276.07
APP-00171,CO-00171,-9899.24,2101.13,-0.0087,35.6,0.0333,0.0,0.2937,74705.91
APP-00172,CO-00172,-211816.9,22452.91,-0.0619,3.6,0.1352,0.7,0.429,81911.44
APP-00173,CO-00173,-245961.37,22360.83,-0.1769,11.2,0.3455,0.0667,0.7835,249994.56
APP-00174,CO-00174,1914.69,244.03,0.003,60.0,0.0059,0.0,0.2902,147032.04
APP-00175,CO-00175,32718.52,570.9,0.0536,10.7,0.0144,0.1083,0.1797,6105.18
APP-00176,CO-00176,-164891.42,16695.25,-0.0633,11.0,0.1337,0.0833,0.4465,183173.24
APP-00177,CO-00177,-1730997.57,157097.23,-0.1629,12.9,0.3176,0.0,0.6825,2027588.77
APP-00178,CO-00178,-247692.58,21945.83,-0.0963,12.3,0.1847,0.0,0.5575,269140.5
APP-00179,CO-00179,201277.09,3708.92,0.1034,52.8,0.0294,0.0,0.062,195864.97
APP-00180,CO-00180,-261307.6,24453.92,-0.0896,14.4,0.1787,0.0,0.5072,352975.96
APP-00181,CO-00181,-599360.85,59571.07,-0.0741,18.0,0.1544,0.0,0.4972,1073759.18
APP-00182,CO-00182,-313381.03,30194.29,-0.1148,3.1,0.2339,0.7417,0.6142,94952.44
APP-00183,CO-00183,-132614.35,13363.82,-0.0913,6.8,0.1921,0.4333,0.5861,91451.34
APP-00184,CO-00184,-422702.15,41815.79,-0.0638,4.7,0.1325,0.6083,0.4147,195511.3
APP-00185,CO-00185,-753952.03,64710.97,-0.2241,0.5,0.42,0.9583,0.7295,33643.87
APP-00186,CO-00186,-1076777.21,96816.86,-0.1058,30.5,0.2049,0.0,0.5491,2957112.99
APP-00187,CO-00187,-168166.58,15651.41,-0.0639,1.8,0.1269,0.85,0.4554,27405.88
APP-00188,CO-00188,-12996.28,1572.87,-0.0202,4.1,0.0488,0.6583,0.4038,6440.5
APP-00189,CO-00189,-61177.09,5873.34,-0.1097,24.5,0.2228,0.0,0.5892,144104.64
APP-00190,CO-00190,-1200791.24,114580.49,-0.1051,26.1,0.2126,0.0,0.5817,2992515.91
APP-00191,CO-00191,-492751.99,48781.28,-0.0401,59.5,0.0833,0.0,0.3933,2900436.96
APP-00192,CO-00192,-160339.46,16156.01,-0.0876,6.9,0.1843,0.425,0.4658,110891.92
APP-00193,CO-00193,-180751.05,15727.04,-0.121,12.3,0.229,0.0,0.7076,193034.41
APP-00194,CO-00194,-691306.1,75799.99,-0.0732,22.3,0.164,0.0,0.5506,1688344.18
APP-00195,CO-00195,-128436.49,11662.13,-0.1773,11.7,0.346,0.025,0.7709,136405.92
APP-00196,CO-00196,-47907.16,5216.19,-0.0535,4.6,0.1193,0.6167,0.4136,24185.52
APP-00197,CO-00197,-780735.3,68537.24,-0.1872,4.3,0.3566,0.6417,0.7681,295040.83
APP-00198,CO-00198,-144554.0,13860.72,-0.0979,8.4,0.1986,0.3,0.537,116621.11
APP-00199,CO-00199,-268689.51,24743.73,-0.1232,16.1,0.2429,0.0,0.6029,398146.13
APP-00200,CO-00200,-102664.71,12271.82,-0.0552,9.4,0.1321,0.2167,0.4883,115609.47
APP-00201,CO-00201,-582015.03,49934.64,-0.1895,9.0,0.3551,0.25,0.7134,448744.72
APP-00202,CO-00202,-404541.95,43883.34,-0.0452,36.4,0.1005,0.0,0.3919,1598484.37
APP-00203,CO-00203,-342371.12,32653.67,-0.1427,14.4,0.2885,0.0,0.7415,471355.69
APP-00204,CO-00204,-183229.71,20635.94,-0.0439,49.6,0.1005,0.0,0.4316,1024034.1
APP-00205,CO-00205,18508.03,373.0,0.0656,60.0,0.0204,0.0,0.1513,48468.0
APP-00206,CO-00206,-263437.26,25976.93,-0.1262,1.0,0.2615,0.9167,0.6794,25747.52
APP-00207,CO-00207,-51684.75,5241.33,-0.0548,39.3,0.1159,0.0,0.4787,206161.51
APP-00208,CO-00208,-63607.39,5518.86,-0.0982,2.2,0.1855,0.8167,0.5911,12023.66
APP-00209,CO-00209,-60730.58,6839.5,-0.0667,1.3,0.1526,0.8917,0.4547,9105.9
APP-00210,CO-00210,-10272.51,1469.77,-0.0065,60.0,0.0181,0.0,0.295,198409.2
APP-00211,CO-00211,-991295.38,92074.97,-0.181,13.1,0.359,0.0,0.6762,1209696.78
APP-00212,CO-00212,-45753.79,4148.78,-0.0787,3.4,0.1533,0.7167,0.4961,14029.33
APP-00213,CO-00213,-153973.77,13666.08,-0.0681,7.2,0.1308,0.4,0.5339,98364.15
APP-00214,CO-00214,-110046.7,10458.74,-0.0815,1.3,0.1643,0.8917,0.5172,13502.91
APP-00215,CO-00215,-77479.25,9370.61,-0.0491,30.0,0.1185,0.0,0.4404,281344.64
APP-00216,CO-00216,-648179.99,56392.1,-0.1085,21.1,0.2053,0.0,0.5911,1188119.7
APP-00217,CO-00217,102180.54,2976.36,0.0272,60.0,0.0122,0.0,0.2008,528810.79
APP-00218,CO-00218,667413.4,6858.37,0.08,60.0,0.0127,0.0,0.132,738962.4
APP-00219,CO-00219,66208.53,937.37,0.0353,60.0,0.0077,0.0,0.1994,467322.63
APP-00220,CO-00220,-144823.11,12609.76,-0.1326,8.6,0.251,0.2833,0.6502,108778.23
APP-00221,CO-00221,-349233.52,32470.85,-0.1994,5.1,0.3956,0.575,0.7652,167079.04
APP-00222,CO-00222,-136126.45,15672.74,-0.0487,21.4,0.1134,0.0,0.4752,335911.08
APP-00223,CO-00223,-42271.89,5817.71,-0.0162,60.0,0.0432,0.0,0.2687,583864.53
APP-00224,CO-00224,-41151.53,3985.26,-0.0555,33.0,0.1135,0.0,0.4978,131656.82
APP-00225,CO-00225,-334192.56,28829.0,-0.1393,0.8,0.262,0.9333,0.6534,23988.25
APP-00226,CO-00226,-373449.93,33767.11,-0.1356,17.7,0.2638,0.0,0.6561,598917.25
APP-00227,CO-00227,1373193.3,23371.36,0.0505,60.0,0.0133,0.0,0.0906,4188732.03
APP-00228,CO-00228,-1796699.45,177471.34,-0.1255,20.1,0.2603,0.0,0.6183,3562534.58
APP-00229,CO-00229,-103879.33,9328.05,-0.1113,13.1,0.2154,0.0,0.6044,122342.92
APP-00230,CO-00230,147815.19,1713.56,0.0899,60.0,0.0161,0.0,0.0435,234274.57
APP-00231,CO-00231,-78611.11,7325.27,-0.155,3.3,0.3081,0.725,0.6872,24409.89
APP-00232,CO-00232,-203532.24,18047.88,-0.1677,7.7,0.3216,0.3583,0.7546,138861.89
APP-00233,CO-00233,-256023.8,26447.26,-0.0852,14.7,0.1827,0.0,0.502,388013.66
APP-00234,CO-00234,-632924.55,64483.92,-0.0865,31.4,0.1835,0.0,0.4771,2027308.48
APP-00235,CO-00235,-159008.27,13668.62,-0.1504,19.1,0.2823,0.0,0.6807,261302.6
APP-00236,CO-00236,47706.67,2085.95,0.0419,60.0,0.0283,0.0,0.1463,170296.91
APP-00237,CO-00237,-17085.7,1672.11,-0.0668,32.0,0.1375,0.0,0.5061,53428.95
APP-00238,CO-00238,-384677.26,32989.61,-0.2066,11.3,0.3869,0.0583,0.7816,373337.46
APP-00239,CO-00239,-93358.96,8957.93,-0.1233,22.9,0.2503,0.0,0.6145,205305.34
APP-00240,CO-00240,78187.32,2117.55,0.0606,60.0,0.0253,0.0,0.1059,146510.36
APP-00241,CO-00241,-64981.54,5832.35,-0.0713,9.2,0.1379,0.2333,0.491,53937.95
APP-00242,CO-00242,-67999.33,7566.44,-0.0341,60.0,0.0773,0.0,0.3867,518542.31
APP-00243,CO-00243,-67355.51,6331.05,-0.1783,7.9,0.3565,0.3417,0.76,49842.09
APP-00244,CO-00244,22719.94,760.44,0.045,60.0,0.0232,0.0,0.2063,58249.95
APP-00245,CO-00245,2206067.26,23357.96,0.1197,60.0,0.0196,0.0,0.0404,2525551.96
APP-00246,CO-00246,-22743.32,2630.37,-0.0376,8.3,0.0878,0.3083,0.3794,21890.74
APP-00247,CO-00247,-48751.34,5085.66,-0.0666,9.3,0.1439,0.225,0.4381,47489.81
APP-00248,CO-00248,-1915473.36,179926.82,-0.1393,2.7,0.2784,0.775,0.7408,492695.98
APP-00249,CO-00249,-4304678.48,376887.4,-0.1075,14.8,0.2044,0.0,0.5757,5579574.54
APP-00250,CO-00250,-112580.46,10005.13,-0.1658,9.1,0.3185,0.2417,0.722,90546.56
APP-00251,CO-00251,-168877.07,15975.94,-0.1114,14.8,0.2238,0.0,0.5696,235666.3
APP-00252,CO-00252,-223908.44,23627.78,-0.0726,1.3,0.1582,0.8917,0.5232,30834.37
APP-00253,CO-00253,-2155744.5,199805.8,-0.1746,0.6,0.3458,0.95,0.7427,123442.09
APP-00254,CO-00254,-95786.72,9120.0,-0.1173,8.9,0.2368,0.2583,0.6215,80749.43
APP-00255,CO-00255,-119368.67,12278.89,-0.0696,2.3,0.1488,0.8083,0.5032,28211.14
APP-00256,CO-00256,186483.45,4657.38,0.0391,60.0,0.0151,0.0,0.1822,1180219.17
APP-00257,CO-00257,-193444.74,22192.69,-0.0572,12.7,0.1326,0.0,0.4809,281944.37
APP-00258,CO-00258,-28453.28,5285.0,-0.0189,29.9,0.0646,0.0,0.3154,157996.41
APP-00259,CO-00259,-61640.94,8614.6,-0.0322,28.2,0.087,0.0,0.4219,242806.38
APP-00260,CO-00260,-1147.66,1125.82,-0.0021,60.0,0.0325,0.0,0.2809,106825.36
APP-00261,CO-00261,445.75,3322.09,0.0003,5.2,0.0297,0.5667,0.3162,17268.79
APP-00262,CO-00262,-140488.93,12860.68,-0.0837,27.3,0.1642,0.0,0.5394,351505.56
APP-00263,CO-00263,165386.92,3406.89,0.0598,44.0,0.019,0.0,0.1072,150059.35
APP-00264,CO-00264,-105947.27,10424.49,-0.0842,16.4,0.1742,0.0,0.4491,171442.81
APP-00265,CO-00265,-383625.1,36122.19,-0.1092,10.1,0.2188,0.1583,0.5509,365013.53
APP-00266,CO-00266,-1526929.05,138212.79,-0.2531,6.4,0.4927,0.4667,0.7333,887811.06
APP-00267,CO-00267,-214809.19,20210.07,-0.0839,24.1,0.168,0.0,0.5028,486788.77
APP-00268,CO-00268,-175449.54,16538.52,-0.0563,44.1,0.1129,0.0,0.4129,728617.67
APP-00269,CO-00269,-340145.35,30225.05,-0.1472,8.1,0.2827,0.325,0.7171,244742.5
APP-00270,CO-00270,-526155.33,45125.67,-0.2401,0.5,0.4497,0.9583,0.798,21914.73
APP-00271,CO-00271,-12682.98,2166.29,-0.0119,60.0,0.0379,0.0,0.2901,227713.19
APP-00272,CO-00272,-35188.09,4549.43,-0.0117,60.0,0.0298,0.0,0.3069,399297.71
APP-00273,CO-00273,119867.57,967.41,0.0603,60.0,0.0075,0.0,0.1454,293573.86
APP-00274,CO-00274,-131050.14,30872.23,-0.0074,54.7,0.0309,0.0,0.3513,1689933.37
APP-00275,CO-00275,897087.9,14640.37,0.0849,60.0,0.0214,0.0,0.0485,1280963.25
APP-00276,CO-00276,-128924.36,15245.39,-0.04,33.6,0.095,0.0,0.4863,511612.41
APP-00277,CO-00277,-3289.03,779.64,-0.0032,60.0,0.0135,0.0,0.2706,166958.1
APP-00278,CO-00278,-57638.96,6268.28,-0.08,29.1,0.1782,0.0,0.467,182525.3
APP-00279,CO-00279,-1043934.74,90934.67,-0.1448,15.0,0.2742,0.0,0.678,1364476.4
APP-00280,CO-00280,72617.88,4243.72,0.0255,60.0,0.023,0.0,0.2334,332520.9
APP-00281,CO-00281,822427.35,6688.51,0.2322,12.5,0.0291,0.0,0.1228,83631.92
APP-00282,CO-00282,16802.65,720.41,0.0439,13.2,0.029,0.0,0.1269,9503.84
APP-00283,CO-00283,-38613.24,10029.07,-0.007,39.6,0.0318,0.0,0.2649,397205.5
APP-00284,CO-00284,84936.84,2826.63,0.0246,60.0,0.0126,0.0,0.158,362997.77
APP-00285,CO-00285,4444.46,1286.41,0.0062,22.9,0.0275,0.0,0.2536,29412.45
APP-00286,CO-00286,48704.4,1921.8,0.0356,60.0,0.0217,0.0,0.1742,287850.12
APP-00287,CO-00287,-130467.84,15772.01,-0.0457,14.3,0.1105,0.0,0.4189,225686.85
APP-00288,CO-00288,-52265.55,6741.73,-0.0226,3.4,0.0575,0.7167,0.3869,23093.27
APP-00289,CO-00289,-300273.71,28183.49,-0.1835,6.1,0.3667,0.4917,0.7389,170511.51
APP-00290,CO-00290,90191.23,3872.91,0.0456,60.0,0.0302,0.0,0.1383,448376.48
APP-00291,CO-00291,11908.6,2765.48,0.007,60.0,0.0251,0.0,0.2418,198389.41
APP-00292,CO-00292,-86295.97,12252.38,-0.0338,46.7,0.0927,0.0,0.4542,571728.06
APP-00293,CO-00293,548091.05,10756.4,0.0574,60.0,0.0174,0.0,0.0741,2579863.12
APP-00294,CO-00294,-7282.87,720.26,-0.0433,49.1,0.0898,0.0,0.4806,35379.58
APP-00295,CO-00295,-51476.39,6850.88,-0.0298,54.7,0.0775,0.0,0.3089,374526.22
APP-00296,CO-00296,-202282.17,20717.46,-0.0774,28.1,0.1648,0.0,0.4764,581225.5
APP-00297,CO-00297,-528919.55,47591.76,-0.1795,4.5,0.348,0.625,0.7668,214077.22
APP-00298,CO-00298,-129247.81,11963.22,-0.0856,23.2,0.1692,0.0,0.5141,277835.75
APP-00299,CO-00299,12770.52,539.34,0.0338,30.8,0.022,0.0,0.214,16612.18
APP-00300,CO-00300,-340818.77,30377.89,-0.112,3.4,0.2157,0.7167,0.5963,103477.93
APP-00301,CO-00301,1039216.56,20360.32,0.0843,60.0,0.0255,0.0,0.0198,3603733.9
APP-00302,CO-00302,-12770.44,1971.84,-0.027,30.5,0.0792,0.0,0.4078,60200.71
APP-00303,CO-00303,-818055.72,71419.79,-0.1574,0.7,0.2985,0.9417,0.7373,51982.26
APP-00304,CO-00304,-243007.46,23041.26,-0.154,0.7,0.31,0.9417,0.738,16492.97
APP-00305,CO-00305,-213537.69,19197.61,-0.1036,13.6,0.2007,0.0,0.5447,260762.18
APP-00306,CO-00306,-53799.06,5407.71,-0.0704,35.0,0.1478,0.0,0.4379,189029.85
APP-00307,CO-00307,50355.01,3073.23,0.0321,60.0,0.0302,0.0,0.2706,346168.22
APP-00308,CO-00308,-690766.83,61408.05,-0.0859,2.6,0.1651,0.7833,0.5035,158330.42
APP-00309,CO-00309,-159965.08,15254.92,-0.0408,5.9,0.0824,0.5083,0.3667,90529.03
APP-00310,CO-00310,-867271.54,97187.94,-0.07,5.3,0.1595,0.5583,0.4585,512593.48
APP-00311,CO-00311,316454.52,4348.22,0.0445,60.0,0.0094,0.0,0.121,1487581.9
APP-00312,CO-00312,228083.93,3167.89,0.0671,60.0,0.0144,0.0,0.1139,488634.65
APP-00313,CO-00313,-841197.69,84345.31,-0.0671,33.2,0.1407,0.0,0.4346,2801944.52
APP-00314,CO-00314,199356.88,1172.83,0.0587,60.0,0.0053,0.0,0.0825,660830.57
APP-00315,CO-00315,-468801.27,42389.23,-0.0935,5.7,0.1818,0.525,0.4806,240526.76
APP-00316,CO-00316,39253.33,2904.44,0.0241,18.0,0.0275,0.0,0.2661,52149.06
APP-00317,CO-00317,-128275.53,13596.9,-0.0548,19.9,0.1197,0.0,0.3786,270618.67
APP-00318,CO-00318,-125620.8,11584.08,-0.1151,21.0,0.2272,0.0,0.5414,243773.69
APP-00319,CO-00319,-1010024.46,93168.79,-0.1713,10.3,0.3381,0.1417,0.7296,960079.82
APP-00320,CO-00320,79029.4,608.16,0.1172,60.0,0.0139,0.0,0.0503,189392.23
APP-00321,CO-00321,-1194900.54,104849.39,-0.2494,0.5,0.4748,0.9583,0.7871,47914.82
APP-00322,CO-00322,-146709.85,15978.7,-0.081,26.1,0.1807,0.0,0.5389,417525.54
APP-00323,CO-00323,-17830.44,13420.91,-0.0025,29.7,0.0307,0.0,0.292,398737.25
APP-00324,CO-00324,-428365.51,41745.95,-0.0923,10.1,0.1895,0.1583,0.5207,422168.62
APP-00325,CO-00325,-822688.09,85543.2,-0.0608,1.6,0.131,0.8667,0.4984,135330.6
APP-00326,CO-00326,-508961.81,50653.79,-0.1118,9.9,0.2333,0.175,0.5121,501685.93
APP-00327,CO-00327,-55224.98,5232.13,-0.1214,5.0,0.2442,0.5833,0.5943,26161.37
APP-00328,CO-00328,-109474.54,11022.8,-0.0534,14.0,0.1124,0.0,0.3984,153889.17
APP-00329,CO-00329,-36699.82,3780.82,-0.0541,33.4,0.1157,0.0,0.365,126457.95
APP-00330,CO-00330,-50797.41,5086.94,-0.0389,53.4,0.0815,0.0,0.4007,271771.01
APP-00331,CO-00331,42533.28,19987.21,0.0043,60.0,0.031,0.0,0.2568,2260281.72
APP-00332,CO-00332,119955.96,6113.34,0.0289,60.0,0.0228,0.0,0.1747,1059223.25
APP-00333,CO-00333,-51231.98,5392.24,-0.047,39.0,0.1022,0.0,0.4447,210422.9
APP-00334,CO-00334,-94390.87,8631.74,-0.1187,24.9,0.2328,0.0,0.6122,214777.26
APP-00335,CO-00335,-186286.21,19872.62,-0.0823,2.2,0.1807,0.8167,0.46,44062.47
APP-00336,CO-00336,47032.6,625.72,0.0725,60.0,0.0149,0.0,0.0402,201833.49
APP-00337,CO-00337,-127118.72,12449.07,-0.1135,11.7,0.2339,0.025,0.5405,145969.65
APP-00338,CO-00338,-123896.84,15699.35,-0.0414,27.8,0.1037,0.0,0.3635,436223.15
APP-00339,CO-00339,228523.26,13396.3,0.0328,60.0,0.0297,0.0,0.2281,934803.91
APP-00340,CO-00340,-527822.81,47957.47,-0.131,0.8,0.2558,0.9333,0.6633,40279.23
APP-00341,CO-00341,-12336.29,1398.71,-0.0557,7.2,0.128,0.4,0.4294,10053.03
APP-00342,CO-00342,209582.01,2689.76,0.0705,60.0,0.014,0.0,0.0855,372244.74
APP-00343,CO-00343,-153303.14,17450.72,-0.0651,25.0,0.1501,0.0,0.5278,435985.59
APP-00344,CO-00344,-178631.0,16055.57,-0.0539,47.4,0.1044,0.0,0.4449,761664.88
APP-00345,CO-00345,1948405.55,14683.95,0.1766,41.8,0.0205,0.0,0.0331,614176.53
APP-00346,CO-00346,-34948.76,3253.63,-0.1255,7.3,0.2494,0.3917,0.6054,23682.2
APP-00347,CO-00347,-203905.87,19260.12,-0.1681,10.5,0.3373,0.125,0.7249,202057.4
APP-00348,CO-00348,-304285.09,28173.74,-0.0769,11.9,0.1522,0.0083,0.5061,336140.85
APP-00349,CO-00349,37225.26,219.05,0.0826,60.0,0.0075,0.0,0.0272,46288.13
APP-00350,CO-00350,-130144.93,28242.54,-0.0136,39.6,0.0529,0.0,0.2858,1117683.05
APP-00351,CO-00351,-582478.97,51536.12,-0.1839,12.6,0.3522,0.0,0.7109,647377.88
APP-00352,CO-00352,-245502.98,25066.92,-0.048,12.7,0.1021,0.0,0.3876,317128.14
APP-00353,CO-00353,-145838.75,12794.08,-0.1178,1.1,0.2242,0.9083,0.5764,13517.88
APP-00354,CO-00354,-443085.2,46532.87,-0.0896,1.1,0.1945,0.9083,0.5572,49443.88
APP-00355,CO-00355,-6035.68,9694.71,-0.0009,60.0,0.024,0.0,0.3033,873144.89
APP-00356,CO-00356,65738.29,4272.37,0.0238,47.2,0.0238,0.0,0.2353,201465.09
APP-00357,CO-00357,-86821.92,12511.47,-0.0313,38.7,0.0869,0.0,0.3476,483622.94
APP-00358,CO-00358,-364039.36,35534.24,-0.1268,17.5,0.2607,0.0,0.668,620746.71
APP-00359,CO-00359,-42770.9,4603.02,-0.0463,14.9,0.1023,0.0,0.4036,68797.03
APP-00360,CO-00360,-66527.45,6702.85,-0.0352,20.2,0.074,0.0,0.336,135121.63
APP-00361,CO-00361,216802.0,2840.55,0.1152,6.6,0.0233,0.45,0.1094,18813.07
APP-00362,CO-00362,-508172.95,47080.76,-0.1581,17.2,0.3129,0.0,0.719,811802.49
APP-00363,CO-00363,-32592.83,5191.9,-0.0055,60.0,0.0165,0.0,0.3875,636167.53
APP-00364,CO-00364,-37485.36,4573.88,-0.0493,32.0,0.1199,0.0,0.4562,146546.07
APP-00365,CO-00365,145728.36,1779.09,0.0754,60.0,0.0142,0.0,0.1003,443442.49
APP-00366,CO-00366,-609535.5,61241.72,-0.0632,43.4,0.1328,0.0,0.4707,2660013.59
APP-00367,CO-00367,32011.84,1283.9,0.0307,60.0,0.019,0.0,0.2511,240973.49
APP-00368,CO-00368,-78250.55,8378.75,-0.0813,9.9,0.1789,0.175,0.5094,82578.7
APP-00369,CO-00369,-462116.34,40204.28,-0.1723,8.5,0.326,0.2917,0.8046,343111.55
APP-00370,CO-00370,-110154.76,14168.29,-0.0216,60.0,0.0548,0.0,0.3381,1343152.52
APP-00371,CO-00371,134244.38,2683.43,0.0606,60.0,0.0187,0.0,0.108,427622.65
APP-00372,CO-00372,-533303.72,61567.86,-0.0644,24.1,0.1502,0.0,0.5117,1484377.43
APP-00373,CO-00373,-683884.88,62683.33,-0.1325,21.1,0.2602,0.0,0.6376,1319948.92
APP-00374,CO-00374,319726.96,5241.56,0.0629,60.0,0.0159,0.0,0.0735,1008831.97
APP-00375,CO-00375,-234076.11,27017.97,-0.0614,27.7,0.1431,0.0,0.4491,748912.87
APP-00376,CO-00376,-2240480.71,220207.07,-0.0997,13.5,0.206,0.0,0.5829,2964970.63
APP-00377,CO-00377,-117152.0,10868.53,-0.0656,8.4,0.1301,0.3,0.5242,90982.75
APP-00378,CO-00378,6514.59,189.42,0.022,60.0,0.0099,0.0,0.259,15969.68
APP-00379,CO-00379,-3588851.55,314996.93,-0.3293,4.8,0.627,0.6,0.7738,1515832.52
APP-00380,CO-00380,11175.57,1595.43,0.0081,60.0,0.0178,0.0,0.3191,335821.6
APP-00381,CO-00381,-217283.31,18958.89,-0.089,28.0,0.1688,0.0,0.6118,530895.3
APP-00382,CO-00382,1415432.84,9078.53,0.1744,20.0,0.0173,0.0,0.1177,181140.25
APP-00383,CO-00383,-43496.87,4497.77,-0.0985,22.8,0.2114,0.0,0.57,102507.79
APP-00384,CO-00384,-39868.22,4351.05,-0.0636,1.4,0.1421,0.8833,0.4759,6267.81
APP-00385,CO-00385,-27811.28,2896.82,-0.0629,22.6,0.1358,0.0,0.4799,65601.32
APP-00386,CO-00386,-104090.33,9342.64,-0.1051,25.3,0.2033,0.0,0.5983,236091.13
APP-00387,CO-00387,581291.81,3131.49,0.1709,60.0,0.0142,0.0,0.0561,974695.03
APP-00388,CO-00388,-724096.69,68030.61,-0.1956,7.8,0.3912,0.35,0.7623,532442.93
APP-00389,CO-00389,-555537.06,50589.14,-0.1923,7.1,0.376,0.4083,0.839,360070.78
APP-00390,CO-00390,55161.81,435.79,0.1034,60.0,0.0126,0.0,0.0572,61328.82
APP-00391,CO-00391,-19314.58,1962.93,-0.0888,17.0,0.1881,0.0,0.6115,33398.45
APP-00392,CO-00392,-192370.72,17172.06,-0.0831,9.3,0.1602,0.225,0.4837,159308.93
APP-00393,CO-00393,-48730.36,5403.18,-0.0356,4.4,0.0806,0.6333,0.3547,23965.31
APP-00394,CO-00394,153804.27,2547.35,0.0443,60.0,0.0113,0.0,0.1253,897664.06
APP-00395,CO-00395,-216813.67,26474.31,-0.049,1.7,0.1194,0.8583,0.4741,44213.41
APP-00396,CO-00396,-354873.17,33648.52,-0.141,12.9,0.2839,0.0,0.6805,432600.4
APP-00397,CO-00397,-121612.35,15776.35,-0.026,35.3,0.0662,0.0,0.3792,556166.33
APP-00398,CO-00398,46609.22,2885.26,0.0169,9.6,0.0162,0.2,0.248,27557.81
APP-00399,CO-00399,-171893.58,21159.54,-0.0462,8.1,0.1131,0.325,0.388,171975.96
APP-00400,CO-00400,-99773.29,9045.89,-0.0921,2.6,0.1795,0.7833,0.5145,23598.32
APP-00401,CO-00401,-269140.59,23278.29,-0.147,2.0,0.277,0.8333,0.6972,47033.71
APP-00402,CO-00402,-73124.63,10959.66,-0.0274,39.3,0.0785,0.0,0.3662,431251.4
APP-00403,CO-00403,269098.11,9120.61,0.0541,60.0,0.0283,0.0,0.1859,655291.24
APP-00404,CO-00404,203332.54,1121.45,0.1376,60.0,0.0117,0.0,0.0842,159278.63
APP-00405,CO-00405,-469059.19,41579.39,-0.1271,17.1,0.2438,0.0,0.6882,710999.69
APP-00406,CO-00406,-41527.4,6140.88,-0.0247,60.0,0.07,0.0,0.3214,377981.16
APP-00407,CO-00407,-41679.87,4611.62,-0.0214,60.0,0.0483,0.0,0.3077,398694.91
APP-00408,CO-00408,-267576.72,29439.36,-0.0533,32.3,0.1197,0.0,0.3884,950622.68
APP-00409,CO-00409,-22699.67,2357.64,-0.076,23.6,0.1636,0.0,0.4871,55584.38
APP-00410,CO-00410,-74977.8,7100.24,-0.1251,3.9,0.2516,0.675,0.6185,27712.44
APP-00411,CO-00411,-2699.16,762.71,-0.0054,31.8,0.0266,0.0,0.3145,24264.06
APP-00412,CO-00412,-25360.35,2487.59,-0.1194,7.4,0.2463,0.3833,0.5733,18520.6
APP-00413,CO-00413,-76421.04,8548.98,-0.0687,30.7,0.1564,0.0,0.422,262319.05
APP-00414,CO-00414,481743.52,7271.27,0.1039,60.0,0.0242,0.0,0.1032,469280.57
APP-00415,CO-00415,103357.33,1757.66,0.0627,60.0,0.0165,0.0,0.1932,373111.03
APP-00416,CO-00416,-136192.64,16892.92,-0.051,1.6,0.1256,0.8667,0.4283,26705.37
APP-00417,CO-00417,-800464.78,73998.05,-0.1229,11.0,0.2429,0.0833,0.5543,815790.11
APP-00418,CO-00418,26970.61,4437.25,0.0033,60.0,0.0083,0.0,0.2518,403468.24
APP-00419,CO-00419,-489807.45,42152.31,-0.2395,11.2,0.4498,0.0667,0.7116,473522.39
APP-00420,CO-00420,-882715.28,81552.68,-0.1041,15.2,0.2056,0.0,0.5216,1242920.89
APP-00421,CO-00421,14697.29,1520.43,0.0061,60.0,0.0098,0.0,0.2368,437441.74
APP-00422,CO-00422,-198022.64,18109.87,-0.2088,8.0,0.4094,0.3333,0.7383,144210.5
APP-00423,CO-00423,-35357.7,3379.45,-0.0292,7.4,0.0592,0.3833,0.3505,25113.57
APP-00424,CO-00424,-56071.5,5192.93,-0.1125,21.2,0.2226,0.0,0.5773,109886.56
APP-00425,CO-00425,-28835.26,4089.01,-0.032,56.4,0.0876,0.0,0.3376,230450.38
APP-00426,CO-00426,-54031.15,5328.83,-0.0353,38.4,0.0731,0.0,0.4223,204774.82
APP-00427,CO-00427,-835793.22,76215.06,-0.1708,4.5,0.3342,0.625,0.7477,341224.05
APP-00428,CO-00428,-1297190.68,132195.52,-0.1059,18.5,0.2248,0.0,0.5912,2450281.87
APP-00429,CO-00429,-80394.92,6951.86,-0.1462,16.7,0.2754,0.0,0.6692,116025.64
APP-00430,CO-00430,-471983.59,42400.26,-0.1454,17.9,0.2815,0.0,0.7232,757360.36
APP-00431,CO-00431,-155776.92,13290.46,-0.2012,0.6,0.3756,0.95,0.7768,7741.0
APP-00432,CO-00432,106474.22,5379.55,0.0302,60.0,0.0236,0.0,0.1554,1005024.75
APP-00433,CO-00433,-225815.1,20862.92,-0.1175,25.2,0.2321,0.0,0.5392,525781.04
APP-00434,CO-00434,-15280.75,1972.67,-0.0435,17.2,0.1106,0.0,0.3764,33848.21
APP-00435,CO-00435,-30957.81,11135.31,-0.0056,60.0,0.0341,0.0,0.3216,1030626.5
APP-00436,CO-00436,-83498.5,8617.58,-0.0698,3.6,0.1495,0.7,0.5505,30905.05
APP-00437,CO-00437,-62753.33,7704.45,-0.0488,10.2,0.1194,0.15,0.4015,78825.14
APP-00438,CO-00438,34586.03,421.2,0.046,60.0,0.0086,0.0,0.1607,137399.66
APP-00439,CO-00439,-209106.89,19366.95,-0.1836,0.6,0.3633,0.95,0.7632,11390.63
APP-00440,CO-00440,-136379.16,16778.56,-0.0406,2.0,0.0993,0.8333,0.4202,33614.75
APP-00441,CO-00441,-301974.39,27905.64,-0.1665,12.1,0.329,0.0,0.749,336519.14
APP-00442,CO-00442,-156910.07,17489.45,-0.0515,50.7,0.117,0.0,0.3696,886432.01
APP-00443,CO-00443,159873.9,1733.89,0.0508,18.1,0.0085,0.0,0.1392,31468.79
APP-00444,CO-00444,-605846.15,64916.7,-0.0738,1.3,0.1626,0.8917,0.5118,82083.43
APP-00445,CO-00445,-133383.68,13362.56,-0.0858,1.2,0.1797,0.9,0.5421,15553.54
APP-00446,CO-00446,22360.42,842.36,0.0447,5.9,0.026,0.5083,0.1789,5003.9
APP-00447,CO-00447,-583533.63,60518.69,-0.0916,23.9,0.1969,0.0,0.5884,1446585.55
APP-00448,CO-00448,-248809.86,22751.69,-0.1582,9.8,0.3101,0.1833,0.6733,222246.14
APP-00449,CO-00449,108828.27,13412.17,0.0163,60.0,0.031,0.0,0.254,1297632.87
APP-00450,CO-00450,136580.56,1686.13,0.0425,60.0,0.0081,0.0,0.1106,465636.66
APP-00451,CO-00451,-321016.13,27405.58,-0.167,17.7,0.3119,0.0,0.7474,485853.87
APP-00452,CO-00452,-565741.23,49973.64,-0.1822,7.5,0.3484,0.375,0.7406,373141.98
APP-00453,CO-00453,-943769.28,89629.25,-0.0612,46.8,0.1234,0.0,0.4348,4198478.58
APP-00454,CO-00454,-249792.94,43587.06,-0.0143,60.0,0.0463,0.0,0.2627,3675202.29
APP-00455,CO-00455,-318665.72,28490.47,-0.1357,19.9,0.2618,0.0,0.6875,566540.68
APP-00456,CO-00456,-266653.46,26175.75,-0.1037,10.7,0.214,0.1083,0.6052,279163.27
APP-00457,CO-00457,170392.81,12777.51,0.0265,60.0,0.0307,0.0,0.2301,1488538.93
APP-00458,CO-00458,27373.45,1579.87,0.0291,60.0,0.0259,0.0,0.1728,100782.94
APP-00459,CO-00459,-200053.06,19938.74,-0.0654,23.1,0.1366,0.0,0.4944,461107.22
APP-00460,CO-00460,-122269.56,14583.59,-0.0573,21.1,0.1369,0.0,0.484,307070.02
APP-00461,CO-00461,-19624.42,6682.99,-0.0065,53.8,0.038,0.0,0.3086,359299.73
APP-00462,CO-00462,-89763.56,9149.08,-0.0943,12.9,0.2001,0.0,0.539,118012.55
APP-00463,CO-00463,-16318.75,1669.1,-0.0365,2.7,0.0777,0.775,0.4572,4470.53
APP-00464,CO-00464,-51552.27,4719.31,-0.187,12.5,0.367,0.0,0.799,59062.07
APP-00465,CO-00465,-147070.87,12583.47,-0.2052,6.5,0.3837,0.4583,0.7335,81355.8
APP-00466,CO-00466,-76779.28,7430.39,-0.0554,6.8,0.1132,0.4333,0.4279,50182.4
APP-00467,CO-00467,-55569.45,5222.62,-0.034,60.0,0.068,0.0,0.3585,330274.65
APP-00468,CO-00468,-105401.73,32619.56,-0.0069,60.0,0.0369,0.0,0.3301,2694527.47
APP-00469,CO-00469,-397973.6,35614.74,-0.0601,1.9,0.116,0.8417,0.4954,66225.65
APP-00470,CO-00470,132034.75,937.24,0.1577,60.0,0.0173,0.0,0.0118,99751.45
APP-00471,CO-00471,-142179.03,16405.32,-0.0458,33.8,0.1068,0.0,0.3883,553852.58
APP-00472,CO-00472,-5362.67,1711.52,-0.0037,60.0,0.0201,0.0,0.3608,280548.89
APP-00473,CO-00473,-114380.62,11141.19,-0.0694,7.6,0.1424,0.3667,0.5009,84672.16
APP-00474,CO-00474,-164607.65,18603.49,-0.0624,5.8,0.1432,0.5167,0.5007,108320.13
APP-00475,CO-00475,108908.88,7777.12,0.0268,60.0,0.0295,0.0,0.1974,849977.2
APP-00476,CO-00476,-75927.72,9193.12,-0.0486,4.6,0.1176,0.6167,0.4593,42606.81
APP-00477,CO-00477,-619766.73,62096.35,-0.0976,21.2,0.2046,0.0,0.6532,1317752.36
APP-00478,CO-00478,-218899.07,18814.45,-0.313,8.6,0.5871,0.2833,0.6982,162506.48
APP-00479,CO-00479,-178798.37,15923.13,-0.0811,36.6,0.156,0.0,0.4982,582477.56
APP-00480,CO-00480,-4473996.86,407817.3,-0.152,3.8,0.2974,0.6833,0.7401,1565080.66
APP-00481,CO-00481,180687.19,5343.72,0.066,36.0,0.0301,0.0,0.0616,192448.0
APP-00482,CO-00482,-481869.5,46808.79,-0.0525,29.5,0.1075,0.0,0.4336,1379200.76
APP-00483,CO-00483,-117330.21,11458.53,-0.0489,5.9,0.1005,0.5083,0.4463,68089.36
APP-00484,CO-00484,-191676.06,22622.57,-0.0489,9.1,0.116,0.2417,0.4275,206880.95
APP-00485,CO-00485,-171068.15,17090.6,-0.0826,14.7,0.1728,0.0,0.4744,251718.3
APP-00486,CO-00486,-300419.68,26958.44,-0.1626,7.2,0.3145,0.4,0.7378,193593.25
APP-00487,CO-00487,102910.7,1852.26,0.1024,53.8,0.0284,0.0,0.0602,99559.54
APP-00488,CO-00488,-521279.7,47998.21,-0.1547,3.1,0.3049,0.7417,0.7332,149722.92
APP-00489,CO-00489,-50669.18,6040.18,-0.0542,12.0,0.1295,0.0,0.4058,72653.72
APP-00490,CO-00490,374598.03,4167.92,0.0879,60.0,0.0151,0.0,0.1496,695424.83
APP-00491,CO-00491,-853542.6,78331.97,-0.1316,4.8,0.2587,0.6,0.6475,377337.49
APP-00492,CO-00492,-31538.75,4093.12,-0.01,60.0,0.0255,0.0,0.3035,652478.38
APP-00493,CO-00493,845.53,1607.62,0.0005,60.0,0.0151,0.0,0.315,345498.02
APP-00494,CO-00494,-820928.34,70645.9,-0.2379,7.9,0.4468,0.3417,0.8166,560512.19
APP-00495,CO-00495,-354537.47,30173.7,-0.2203,15.0,0.4104,0.0,0.6953,451236.82
APP-00496,CO-00496,-352419.82,33729.53,-0.0631,46.3,0.1279,0.0,0.4526,1560619.72
APP-00497,CO-00497,-43474.77,4041.29,-0.1239,2.1,0.2457,0.825,0.646,8642.61
APP-00498,CO-00498,3014.72,1200.31,0.0019,60.0,0.0118,0.0,0.3378,74120.01
APP-00499,CO-00499,-59244.08,5093.91,-0.1979,12.1,0.3715,0.0,0.7603,61747.45
APP-00500,CO-00500,-13449.5,1672.85,-0.0274,60.0,0.0676,0.0,0.3371,110170.96
APP-00501,CO-00501,-2660630.27,226793.62,-0.3104,0.4,0.579,0.9667,0.793,85707.19
APP-00502,CO-00502,-311535.28,28556.4,-0.0581,51.1,0.1141,0.0,0.4201,1459014.83
APP-00503,CO-00503,-60311.81,7174.89,-0.0565,35.1,0.1348,0.0,0.4491,251813.12
APP-00504,CO-00504,1506.68,568.81,0.0031,60.0,0.018,0.0,0.2577,125403.54
APP-00505,CO-00505,7141.97,196.39,0.0632,35.3,0.0268,0.0,0.0978,6931.98
APP-00506,CO-00506,-154000.73,13637.88,-0.121,12.8,0.2319,0.0,0.6211,174892.94
APP-00507,CO-00507,-246303.67,48655.67,-0.01,52.9,0.0359,0.0,0.32,2572859.75
APP-00508,CO-00508,193965.51,1661.06,0.0573,60.0,0.0076,0.0,0.1089,409638.73
APP-00509,CO-00509,-117806.71,11137.05,-0.0941,4.4,0.189,0.6333,0.5575,48739.24
APP-00510,CO-00510,285772.99,6208.51,0.0819,27.8,0.0275,0.0,0.0473,172713.58
APP-00511,CO-00511,-4425.69,1240.86,-0.0096,60.0,0.0469,0.0,0.2938,114768.93
APP-00512,CO-00512,-337106.98,30113.19,-0.2071,8.6,0.3993,0.2833,0.7284,258973.66
APP-00513,CO-00513,-113304.66,11462.04,-0.0468,33.0,0.0988,0.0,0.4226,378105.97
APP-00514,CO-00514,-426777.74,38815.62,-0.2123,2.1,0.4146,0.825,0.7875,79855.65
APP-00515,CO-00515,-765740.76,70825.42,-0.1585,18.6,0.3133,0.0,0.6687,1315472.65
APP-00516,CO-00516,183961.5,3577.55,0.0595,60.0,0.0178,0.0,0.0754,889920.22
APP-00517,CO-00517,-10450.3,5852.33,-0.0024,60.0,0.0225,0.0,0.2883,841917.52
APP-00518,CO-00518,-78022.22,7819.02,-0.0709,7.8,0.1486,0.35,0.5149,61030.43
APP-00519,CO-00519,-391044.65,37572.44,-0.0727,10.7,0.1478,0.1083,0.4359,403240.57
APP-00520,CO-00520,-1071309.4,103146.4,-0.0959,14.8,0.1952,0.0,0.5814,1530267.72
APP-00521,CO-00521,-138746.47,11922.45,-0.1671,16.3,0.3134,0.0,0.741,193835.5
APP-00522,CO-00522,-70615.55,7085.25,-0.0783,37.0,0.1643,0.0,0.4558,262197.25
APP-00523,CO-00523,-1178114.45,108190.4,-0.1414,0.8,0.2781,0.9333,0.7074,83334.19
APP-00524,CO-00524,19087.05,1935.11,0.0105,60.0,0.0165,0.0,0.2852,145957.25
APP-00525,CO-00525,-222820.67,26599.38,-0.025,45.8,0.0597,0.0,0.2928,1218927.13
APP-00526,CO-00526,-113290.2,11441.82,-0.0805,6.6,0.1697,0.45,0.5836,75057.27
APP-00527,CO-00527,-324473.08,38137.56,-0.0346,50.9,0.0817,0.0,0.3387,1940740.25
APP-00528,CO-00528,-68768.75,7004.83,-0.0275,53.8,0.0584,0.0,0.372,376678.33
APP-00529,CO-00529,-134951.03,14050.57,-0.0476,49.0,0.1026,0.0,0.4544,688427.73
APP-00530,CO-00530,-318200.53,31411.87,-0.0304,18.2,0.063,0.0,0.3559,572584.17
APP-00531,CO-00531,-337136.29,29616.03,-0.2209,4.2,0.4209,0.65,0.7623,125269.35
APP-00532,CO-00532,-14163.33,2262.55,-0.0166,60.0,0.0499,0.0,0.3292,144783.49
APP-00533,CO-00533,-33161.44,4187.36,-0.0237,60.0,0.0592,0.0,0.4022,268036.53
APP-00534,CO-00534,-324511.97,30250.28,-0.0942,24.3,0.1873,0.0,0.5598,734103.4
APP-00535,CO-00535,-65803.45,5861.48,-0.1437,15.8,0.2766,0.0,0.7206,92339.72
APP-00536,CO-00536,-429187.01,39916.77,-0.1035,12.1,0.2055,0.0,0.5851,481346.2
APP-00537,CO-00537,-163447.48,14201.88,-0.1278,1.6,0.2417,0.8667,0.7055,23303.82
APP-00538,CO-00538,-577289.07,62419.94,-0.0836,20.8,0.1854,0.0,0.5305,1295711.7
APP-00539,CO-00539,-31588.42,2893.32,-0.158,18.9,0.3102,0.0,0.6888,54649.72
APP-00540,CO-00540,7947.68,1443.64,0.008,53.2,0.0223,0.0,0.2479,76735.87
APP-00541,CO-00541,25241.51,265.3,0.0622,53.3,0.0101,0.0,0.1361,14135.53
APP-00542,CO-00542,-100505.16,10245.03,-0.1048,0.9,0.2224,0.925,0.5524,9591.19
APP-00543,CO-00543,-107186.67,12673.74,-0.0382,34.5,0.0907,0.0,0.4498,437764.26
APP-00544,CO-00544,270771.41,1938.87,0.1478,60.0,0.0163,0.0,0.0793,303879.66
APP-00545,CO-00545,-300183.01,27705.03,-0.1765,0.6,0.3484,0.95,0.7667,17008.22
APP-00546,CO-00546,-406763.08,35515.22,-0.2177,3.7,0.4129,0.6917,0.6797,131566.33
APP-00547,CO-00547,-22284.73,7144.75,-0.0083,53.9,0.0456,0.0,0.376,384798.05
APP-00548,CO-00548,-21041.85,2256.74,-0.0263,49.3,0.058,0.0,0.3172,111185.98
APP-00549,CO-00549,-435453.01,44246.47,-0.098,7.8,0.2076,0.35,0.5222,345508.04
APP-00550,CO-00550,-659024.04,63526.52,-0.155,8.9,0.3158,0.2583,0.7601,565357.11
APP-00551,CO-00551,-179765.7,18825.34,-0.0558,1.7,0.1209,0.8583,0.4606,32204.7
APP-00552,CO-00552,515072.61,7139.32,0.1347,5.4,0.0288,0.55,0.0933,38229.52
APP-00553,CO-00553,-429459.38,37139.84,-0.1457,1.9,0.2746,0.8417,0.7408,72206.76
APP-00554,CO-00554,-314495.25,50009.98,-0.0188,28.6,0.0563,0.0,0.3239,1432024.26
APP-00555,CO-00555,-38003.04,5088.55,-0.0189,3.9,0.0495,0.675,0.3753,20085.14
APP-00556,CO-00556,201119.95,1564.95,0.1248,35.9,0.015,0.0,0.0469,56192.34
APP-00557,CO-00557,11189.96,1156.74,0.0108,30.1,0.0173,0.0,0.2611,34860.65
APP-00558,CO-00558,-64010.56,6409.55,-0.082,24.7,0.1718,0.0,0.4883,158308.55
APP-00559,CO-00559,-36572.26,3938.67,-0.0579,41.6,0.1281,0.0,0.3724,163848.1
APP-00560,CO-00560,-205895.43,17897.01,-0.2285,1.8,0.4322,0.85,0.7308,32488.66
APP-00561,CO-00561,-270359.6,24582.42,-0.1324,13.0,0.2586,0.0,0.6726,320493.69
APP-00562,CO-00562,-122852.74,12594.81,-0.0401,20.1,0.0856,0.0,0.3386,252541.99
APP-00563,CO-00563,-99762.29,11635.2,-0.0433,41.4,0.1016,0.0,0.4595,481134.6
APP-00564,CO-00564,72252.12,521.69,0.0709,60.0,0.0079,0.0,0.0943,66929.37
APP-00565,CO-00565,28632.29,5792.78,0.0053,45.7,0.0166,0.0,0.2351,264896.26
APP-00566,CO-00566,404334.48,9389.91,0.0881,48.0,0.0316,0.0,0.124,450687.79
APP-00567,CO-00567,-44408.07,7555.55,-0.0238,13.7,0.0755,0.0,0.3108,103720.7
APP-00568,CO-00568,106951.63,1414.11,0.0938,60.0,0.0191,0.0,0.0256,88904.77
APP-00569,CO-00569,24249.74,2906.21,0.0064,60.0,0.0118,0.0,0.2894,275190.36
APP-00570,CO-00570,116960.29,3581.78,0.0442,60.0,0.0209,0.0,0.1418,541709.49
APP-00571,CO-00571,75689.56,611.86,0.147,44.4,0.0183,0.0,0.0227,27175.48
APP-00572,CO-00572,-110184.72,10016.7,-0.0538,10.3,0.1051,0.1417,0.462,103558.76
APP-00573,CO-00573,-277424.8,28997.18,-0.0974,26.6,0.2107,0.0,0.4816,771380.48
APP-00574,CO-00574,-6895.1,1381.89,-0.0077,29.6,0.0282,0.0,0.3334,40902.92
APP-00575,CO-00575,-66076.13,8240.72,-0.0249,5.6,0.0617,0.5333,0.3721,45821.39
APP-00576,CO-00576,10502.81,630.25,0.0205,60.0,0.019,0.0,0.1897,86609.2
APP-00577,CO-00577,-399478.13,48912.79,-0.0479,1.7,0.1169,0.8583,0.4005,83367.67
APP-00578,CO-00578,444662.45,13218.22,0.0583,60.0,0.0267,0.0,0.0804,1925518.51
APP-00579,CO-00579,24592.02,1179.76,0.0144,60.0,0.0107,0.0,0.25,77027.43
APP-00580,CO-00580,-264997.84,27085.27,-0.0841,6.6,0.1788,0.45,0.4646,177769.76
APP-00581,CO-00581,-16603.15,1750.45,-0.0844,21.1,0.1836,0.0,0.5632,36964.79
APP-00582,CO-00582,-70447.43,6962.23,-0.1022,25.1,0.212,0.0,0.5204,174599.26
APP-00583,CO-00583,-15325.15,2219.46,-0.0094,60.0,0.0261,0.0,0.3323,305589.66
APP-00584,CO-00584,-29831.1,3443.27,-0.0398,16.1,0.0927,0.0,0.3923,55307.44
APP-00585,CO-00585,-538638.79,52948.25,-0.1203,13.9,0.2487,0.0,0.5558,734158.63
APP-00586,CO-00586,-1273899.93,117068.83,-0.0789,37.0,0.1552,0.0,0.5049,4332492.99
APP-00587,CO-00587,-29476.29,3318.3,-0.0436,23.9,0.0998,0.0,0.4248,79255.12
APP-00588,CO-00588,-126032.55,11930.11,-0.1329,17.5,0.2672,0.0,0.72,208397.63
APP-00589,CO-00589,-98196.8,12190.72,-0.0354,48.6,0.0873,0.0,0.3489,592357.03
APP-00590,CO-00590,491710.5,5705.72,0.0448,60.0,0.008,0.0,0.1006,2985898.3
APP-00591,CO-00591,-98756.23,8758.19,-0.153,4.1,0.2935,0.6583,0.6614,35905.4
APP-00592,CO-00592,-93675.32,11459.3,-0.0333,60.0,0.0812,0.0,0.3489,753540.11
APP-00593,CO-00593,-1834350.5,162323.84,-0.1355,17.0,0.2594,0.0,0.6942,2766511.15
APP-00594,CO-00594,-64991.72,5801.34,-0.1547,13.3,0.2981,0.0,0.7418,77113.09
APP-00595,CO-00595,-119816.53,10629.66,-0.1969,13.4,0.3777,0.0,0.7617,142789.74
APP-00596,CO-00596,-14316.1,1705.41,-0.01,60.0,0.0238,0.0,0.2588,351999.62
APP-00597,CO-00597,-59019.84,6515.32,-0.0453,32.5,0.1021,0.0,0.3886,211603.17
APP-00598,CO-00598,15471.62,10243.52,0.0031,60.0,0.032,0.0,0.2973,787580.3
APP-00599,CO-00599,-680040.33,59593.71,-0.2437,10.4,0.4636,0.1333,0.7906,619801.02
APP-00600,CO-00600,-58815.79,5203.4,-0.1584,13.5,0.3033,0.0,0.7379,69987.9
APP-00601,CO-00601,-276233.49,25866.82,-0.0753,24.7,0.1502,0.0,0.4722,640125.47
APP-00602,CO-00602,-44067.78,5191.13,-0.0358,40.8,0.0848,0.0,0.3689,211689.47
APP-00603,CO-00603,761480.71,8867.12,0.0972,60.0,0.0175,0.0,0.1051,1718846.51
APP-00604,CO-00604,-50564.14,6368.37,-0.0432,2.2,0.1078,0.8167,0.3557,13946.15
APP-00605,CO-00605,-234267.77,21205.73,-0.2021,8.5,0.3933,0.2917,0.8088,180712.13
APP-00606,CO-00606,-241679.97,24021.12,-0.0642,25.9,0.1338,0.0,0.4347,622016.0
APP-00607,CO-00607,-292097.18,29080.17,-0.0622,42.3,0.1297,0.0,0.4145,1229014.46
APP-00608,CO-00608,-281651.49,27898.93,-0.0821,7.3,0.1707,0.3917,0.5001,203827.37
APP-00609,CO-00609,-28246.54,2669.32,-0.0696,24.9,0.1397,0.0,0.433,66406.44
APP-00610,CO-00610,-825893.16,72852.45,-0.2201,1.1,0.4205,0.9083,0.7441,78851.04
APP-00611,CO-00611,8527.38,648.2,0.0109,60.0,0.0128,0.0,0.2064,162740.53
APP-00612,CO-00612,36065.73,3425.2,0.013,60.0,0.0191,0.0,0.2895,540987.72
APP-00613,CO-00613,-51822.48,4999.2,-0.0982,14.6,0.2002,0.0,0.5967,72964.29
APP-00614,CO-00614,-294713.12,30774.85,-0.0861,17.3,0.186,0.0,0.5095,532494.69
APP-00615,CO-00615,-129287.22,11529.93,-0.1322,9.5,0.2546,0.2083,0.593,109029.08
APP-00616,CO-00616,-146299.79,13356.29,-0.2408,8.3,0.4715,0.3083,0.7081,110809.6
APP-00617,CO-00617,-1281424.33,112467.73,-0.2864,8.5,0.5454,0.2917,0.8274,955504.47
APP-00618,CO-00618,-186080.3,19985.87,-0.0667,26.2,0.1472,0.0,0.4823,523390.37
APP-00619,CO-00619,-110020.31,10833.09,-0.0928,2.3,0.192,0.8083,0.4928,25453.23
APP-00620,CO-00620,-404617.77,50404.83,-0.0433,24.8,0.1069,0.0,0.3975,1249137.95
APP-00621,CO-00621,-107160.69,11036.88,-0.076,25.8,0.1625,0.0,0.4876,284923.57
APP-00622,CO-00622,169804.72,798.11,0.075,60.0,0.0054,0.0,0.063,335660.27
APP-00623,CO-00623,65139.59,2914.17,0.0227,60.0,0.0157,0.0,0.1782,541429.9
APP-00624,CO-00624,-44643.53,6049.74,-0.0379,41.0,0.1,0.0,0.4684,248243.81
APP-00625,CO-00625,-520732.14,47337.43,-0.1484,19.1,0.2897,0.0,0.6694,905042.76
APP-00626,CO-00626,-329077.43,29714.92,-0.256,1.0,0.4975,0.9167,0.7467,29263.38
APP-00627,CO-00627,161428.34,2691.78,0.1112,60.0,0.0286,0.0,0.0396,234451.47
APP-00628,CO-00628,-1302024.22,116337.62,-0.1521,12.2,0.2933,0.0,0.6743,1422177.49
APP-00629,CO-00629,-161635.18,14889.51,-0.2088,12.4,0.4116,0.0,0.7272,184040.86
APP-00630,CO-00630,-12993.21,1277.82,-0.0662,12.2,0.1369,0.0,0.4483,15554.4
APP-00631,CO-00631,-1843552.21,157773.96,-0.168,2.2,0.3142,0.8167,0.7244,345031.0
APP-00632,CO-00632,-2104330.1,218790.13,-0.075,19.0,0.1616,0.0,0.5005,4154422.33
APP-00633,CO-00633,-159835.9,15904.19,-0.1094,12.6,0.2281,0.0,0.5547,200901.21
APP-00634,CO-00634,-19153.22,1951.05,-0.0606,4.2,0.1286,0.65,0.5185,8241.05
APP-00635,CO-00635,39476.16,1022.97,0.0246,60.0,0.0098,0.0,0.1871,446742.2
APP-00636,CO-00636,121314.17,2320.81,0.0737,60.0,0.0218,0.0,0.0429,173779.21
APP-00637,CO-00637,-234446.75,22482.64,-0.1294,0.8,0.2626,0.9333,0.666,18122.44
APP-00638,CO-00638,-55489.47,5688.77,-0.0771,1.3,0.1644,0.8917,0.5165,7197.16
APP-00639,CO-00639,-698944.0,61985.1,-0.1787,3.8,0.3427,0.6833,0.6987,234461.9
APP-00640,CO-00640,-560379.9,50318.99,-0.1514,0.7,0.2929,0.9417,0.7048,37024.58
APP-00641,CO-00641,41346.67,636.37,0.0841,60.0,0.02,0.0,0.072,50376.13
APP-00642,CO-00642,-273281.97,25735.45,-0.062,3.9,0.1241,0.675,0.4287,99356.09
APP-00643,CO-00643,-1790598.09,180179.33,-0.1049,11.6,0.2206,0.0333,0.6113,2090664.58
APP-00644,CO-00644,112895.18,1333.47,0.0434,60.0,0.0079,0.0,0.2053,225998.02
APP-00645,CO-00645,-80715.55,8579.16,-0.0516,31.7,0.113,0.0,0.4062,272270.73
APP-00646,CO-00646,-306446.97,29030.42,-0.1612,17.6,0.3242,0.0,0.7059,511534.46
APP-00647,CO-00647,409635.63,5107.5,0.101,60.0,0.0194,0.0,0.0851,1136825.89
APP-00648,CO-00648,6947.1,646.38,0.0179,60.0,0.0257,0.0,0.2049,54651.96
APP-00649,CO-00649,-190840.64,17847.2,-0.0739,7.4,0.1472,0.3833,0.5737,132138.51
APP-00650,CO-00650,-39472.76,4939.88,-0.0266,54.4,0.066,0.0,0.363,268782.22
APP-00651,CO-00651,-1911633.65,181290.68,-0.1375,5.7,0.2767,0.525,0.7131,1041364.62
APP-00652,CO-00652,-93687.68,11282.98,-0.0509,33.0,0.1225,0.0,0.4468,372736.82
APP-00653,CO-00653,1635845.12,16943.72,0.1408,60.0,0.0225,0.0,0.0948,1813776.82
APP-00654,CO-00654,-36342.65,3579.51,-0.05,11.8,0.1035,0.0167,0.4059,42265.95
APP-00655,CO-00655,-23161.3,4253.45,-0.0059,60.0,0.0199,0.0,0.3695,276873.19
APP-00656,CO-00656,-528364.2,49477.1,-0.1752,13.4,0.3495,0.0,0.7829,665440.8
APP-00657,CO-00657,28345.43,1197.26,0.0308,60.0,0.0201,0.0,0.2301,123658.93
APP-00658,CO-00658,-315626.07,28016.35,-0.1206,18.5,0.2315,0.0,0.5865,519533.06
APP-00659,CO-00659,-572120.83,56393.85,-0.0777,27.6,0.1608,0.0,0.4521,1558980.72
APP-00660,CO-00660,152901.26,878.82,0.0965,60.0,0.0086,0.0,0.0559,243991.59
APP-00661,CO-00661,22789.87,208.79,0.0565,60.0,0.008,0.0,0.1467,32014.18
APP-00662,CO-00662,79418.12,4184.18,0.0369,60.0,0.03,0.0,0.1957,378266.0
APP-00663,CO-00663,-109197.2,10243.09,-0.1229,0.9,0.2454,0.925,0.6164,8982.53
APP-00664,CO-00664,-109242.77,10300.06,-0.0702,20.0,0.1407,0.0,0.5153,205753.41
APP-00665,CO-00665,-170472.62,17993.92,-0.0844,2.7,0.1839,0.775,0.5221,48252.16
APP-00666,CO-00666,-2669.04,1050.93,-0.0067,60.0,0.0444,0.0,0.3005,102772.35
APP-00667,CO-00667,-42615.42,4370.4,-0.0978,18.6,0.2086,0.0,0.5779,81484.36
APP-00668,CO-00668,-288040.58,29828.85,-0.0812,6.3,0.1743,0.475,0.5195,188492.56
APP-00669,CO-00669,-288721.44,26680.6,-0.2222,8.9,0.4391,0.2583,0.7772,238416.86
APP-00670,CO-00670,-30343.9,2643.09,-0.18,13.2,0.3409,0.0,0.715,35020.46
APP-00671,CO-00671,948237.21,8979.07,0.1974,60.0,0.0288,0.0,0.0594,1069923.28
APP-00672,CO-00672,-258706.1,24324.31,-0.0899,11.9,0.1799,0.0083,0.5215,290100.54
APP-00673,CO-00673,-75084.93,6675.34,-0.07,17.4,0.1345,0.0,0.5129,116192.66
APP-00674,CO-00674,-78123.63,6739.32,-0.133,15.3,0.2502,0.0,0.6073,102965.85
APP-00675,CO-00675,151068.43,3346.36,0.0299,60.0,0.0102,0.0,0.2299,426571.41
APP-00676,CO-00676,-458003.54,43441.87,-0.1474,12.7,0.2967,0.0,0.618,553315.05
APP-00677,CO-00677,-2724176.09,272177.09,-0.1148,7.0,0.24,0.4167,0.5559,1891913.38
APP-00678,CO-00678,-291088.87,26116.27,-0.0873,27.1,0.1688,0.0,0.5632,707052.72
APP-00679,CO-00679,-107254.37,14791.36,-0.0332,60.0,0.0889,0.0,0.3446,935005.34
APP-00680,CO-00680,51717.16,3069.79,0.0279,60.0,0.0255,0.0,0.155,220089.82
APP-00681,CO-00681,-566253.53,49294.14,-0.1142,8.9,0.2162,0.2583,0.5744,439744.61
APP-00682,CO-00682,503262.27,6605.05,0.1229,16.4,0.0249,0.0,0.1057,108313.65
APP-00683,CO-00683,-545899.28,48560.03,-0.0713,39.5,0.137,0.0,0.4546,1920305.1
APP-00684,CO-00684,-197089.8,17455.69,-0.1515,4.9,0.2903,0.5917,0.6213,85648.39
APP-00685,CO-00685,-376782.45,33188.36,-0.2658,6.9,0.5073,0.425,0.891,228736.36
APP-00686,CO-00686,-234479.23,22151.82,-0.1728,12.9,0.3469,0.0,0.7784,284657.04
APP-00687,CO-00687,-876851.52,75572.56,-0.1815,3.4,0.3411,0.7167,0.7664,260195.64
APP-00688,CO-00688,-380887.25,40985.16,-0.0388,46.7,0.0859,0.0,0.4114,1914678.57
APP-00689,CO-00689,-227500.61,20818.26,-0.1643,6.8,0.3223,0.4333,0.7468,141450.2
APP-00690,CO-00690,-53951.84,6829.78,-0.0377,20.9,0.0942,0.0,0.3602,142462.64
APP-00691,CO-00691,-379937.05,37466.95,-0.1267,19.8,0.2624,0.0,0.656,741286.8
APP-00692,CO-00692,-238862.45,21882.65,-0.1394,8.0,0.2737,0.3333,0.6762,175783.81
APP-00693,CO-00693,47552.51,10247.69,0.0084,5.5,0.0278,0.5417,0.3006,56776.82
APP-00694,CO-00694,15988.74,325.8,0.0694,60.0,0.0218,0.0,0.1603,31774.29
APP-00695,CO-00695,11879.19,661.89,0.0124,60.0,0.0107,0.0,0.2646,165685.98
APP-00696,CO-00696,-182169.02,16531.16,-0.1818,11.3,0.3545,0.0583,0.7086,186426.0
APP-00697,CO-00697,-17622.72,1658.54,-0.0819,12.2,0.1639,0.0,0.4929,20222.44
APP-00698,CO-00698,53948.23,1308.07,0.0645,60.0,0.0241,0.0,0.1437,145051.65
APP-00699,CO-00699,-135129.35,11990.24,-0.154,4.7,0.2955,0.6083,0.7398,56733.91
APP-00700,CO-00700,-380078.63,33094.91,-0.2121,5.4,0.4016,0.55,0.7699,177603.51
APP-00701,CO-00701,-197281.14,29696.0,-0.0296,8.3,0.085,0.3083,0.4071,247382.52
APP-00702,CO-00702,-41544.03,6760.95,-0.0242,51.9,0.0741,0.0,0.2788,350971.19
APP-00703,CO-00703,-1305.02,987.26,-0.0017,60.0,0.0204,0.0,0.3084,168445.67
APP-00704,CO-00704,-290901.21,27704.63,-0.1405,0.7,0.2838,0.9417,0.6786,20699.72
APP-00705,CO-00705,-854581.96,84053.68,-0.1366,0.7,0.2824,0.9417,0.7364,62567.64
APP-00706,CO-00706,-11264.35,1342.01,-0.0136,60.0,0.0326,0.0,0.3164,176535.18
APP-00707,CO-00707,-60835.51,6298.6,-0.069,10.7,0.1482,0.1083,0.4709,67381.85
APP-00708,CO-00708,141593.75,2976.25,0.037,60.0,0.012,0.0,0.1891,317947.05
APP-00709,CO-00709,-401615.74,36511.5,-0.2287,6.9,0.4466,0.425,0.7587,251970.06
APP-00710,CO-00710,-251821.68,23123.85,-0.0601,28.4,0.1183,0.0,0.411,657531.53
APP-00711,CO-00711,-1996.06,3870.76,-0.0009,5.6,0.0281,0.5333,0.3648,21615.87
APP-00712,CO-00712,-819397.98,71308.25,-0.1854,11.1,0.3509,0.075,0.7659,794683.96
APP-00713,CO-00713,64522.26,880.59,0.0829,32.5,0.0175,0.0,0.0762,28616.14
APP-00714,CO-00714,-19518.49,5431.51,-0.009,60.0,0.0437,0.0,0.3036,488441.35
APP-00715,CO-00715,-131829.07,11786.98,-0.0743,36.6,0.1433,0.0,0.425,430853.04
APP-00716,CO-00716,-40327.01,4632.26,-0.0621,4.4,0.1442,0.6333,0.4458,20541.14
APP-00717,CO-00717,-73675.93,6467.15,-0.1606,15.1,0.3058,0.0,0.6939,97791.37
APP-00718,CO-00718,-433289.46,41369.58,-0.0996,17.2,0.2015,0.0,0.5722,710180.92
APP-00719,CO-00719,-68168.97,8178.12,-0.0442,57.9,0.1061,0.0,0.345,473133.66
APP-00720,CO-00720,-168858.73,14504.73,-0.2142,9.9,0.4017,0.175,0.7387,142974.12
APP-00721,CO-00721,81614.24,2783.78,0.041,60.0,0.0216,0.0,0.1572,231161.97
APP-00722,CO-00722,-138848.98,19935.66,-0.0205,53.0,0.0567,0.0,0.3579,1056578.31
APP-00723,CO-00723,-46946.97,4216.52,-0.2096,9.1,0.4058,0.2417,0.7377,38357.68
APP-00724,CO-00724,-65449.36,6186.41,-0.1334,17.7,0.2679,0.0,0.6036,109735.31
APP-00725,CO-00725,-108774.61,9995.76,-0.1249,11.3,0.2458,0.0583,0.595,113061.83
APP-00726,CO-00726,-813271.1,75860.69,-0.0861,24.7,0.1712,0.0,0.5694,1875407.03
APP-00727,CO-00727,-581441.55,50357.69,-0.2,3.5,0.3773,0.7083,0.7493,177911.85
APP-00728,CO-00728,-58361.25,14193.44,-0.0124,60.0,0.0532,0.0,0.3422,1338817.43
APP-00729,CO-00729,-9787.44,1541.37,-0.014,33.9,0.0416,0.0,0.3509,52286.02
APP-00730,CO-00730,-15669.16,1897.48,-0.0219,5.0,0.053,0.5833,0.3171,9552.44
APP-00731,CO-00731,-650681.15,55681.8,-0.1898,2.3,0.3549,0.8083,0.735,127534.52
APP-00732,CO-00732,-444231.72,40847.12,-0.1913,13.4,0.3765,0.0,0.7992,548421.63
APP-00733,CO-00733,56402.39,4767.72,0.0149,60.0,0.0194,0.0,0.1948,956777.01
APP-00734,CO-00734,-479084.27,41136.13,-0.2638,4.6,0.4945,0.6167,0.7526,189989.82
APP-00735,CO-00735,-460136.25,43833.81,-0.159,14.9,0.3211,0.0,0.7597,653704.79
APP-00736,CO-00736,-696459.76,63088.1,-0.2713,1.2,0.5285,0.9,0.8009,78582.8
APP-00737,CO-00737,-347236.83,37877.05,-0.0728,11.0,0.1626,0.0833,0.4269,417599.59
APP-00738,CO-00738,1123826.86,6458.26,0.2288,31.0,0.0203,0.0,0.0498,200269.59
APP-00739,CO-00739,-66328.09,5955.23,-0.1529,8.5,0.296,0.2917,0.7004,50504.91
APP-00740,CO-00740,22609.79,142.81,0.0976,60.0,0.0095,0.0,0.0263,37882.28
APP-00741,CO-00741,-497761.61,47408.35,-0.0834,4.2,0.1685,0.65,0.5035,200635.36
APP-00742,CO-00742,-341375.46,38542.45,-0.0475,9.6,0.1089,0.2,0.3666,368725.51
APP-00743,CO-00743,43404.52,576.31,0.055,60.0,0.0113,0.0,0.1305,97033.98
APP-00744,CO-00744,35387.31,390.74,0.1037,36.9,0.0177,0.0,0.0992,14430.97
APP-00745,CO-00745,-148079.31,15572.87,-0.0612,26.1,0.133,0.0,0.4356,406704.36
APP-00746,CO-00746,297793.96,8967.77,0.0536,60.0,0.0249,0.0,0.1813,678065.31
APP-00747,CO-00747,849314.56,6522.38,0.0642,60.0,0.0076,0.0,0.0613,918228.32
APP-00748,CO-00748,-176338.9,21490.57,-0.048,1.7,0.1167,0.8583,0.4131,36721.86
APP-00749,CO-00749,-11346.63,2655.2,-0.0075,60.0,0.0312,0.0,0.3117,270194.06
APP-00750,CO-00750,-95260.69,9150.95,-0.1062,17.3,0.2158,0.0,0.6597,158506.2
APP-00751,CO-00751,158306.17,4386.25,0.0714,54.5,0.0305,0.0,0.135,239088.45
APP-00752,CO-00752,-230698.47,20243.94,-0.142,13.3,0.2704,0.0,0.6311,269408.73
APP-00753,CO-00753,-65162.53,6924.01,-0.0821,29.2,0.1797,0.0,0.528,202087.41
APP-00754,CO-00754,-699857.16,87920.84,-0.0412,44.8,0.1024,0.0,0.3546,3942931.62
APP-00755,CO-00755,1616717.28,27074.64,0.1238,36.6,0.032,0.0,0.1,991318.85
APP-00756,CO-00756,974518.12,6969.02,0.1428,60.0,0.0158,0.0,0.0351,1802640.07
APP-00757,CO-00757,44787.7,484.53,0.0513,60.0,0.0086,0.0,0.1715,127459.18
APP-00758,CO-00758,745828.44,1845.37,0.1447,60.0,0.0055,0.0,0.0337,845754.37
APP-00759,CO-00759,319162.76,7146.76,0.0768,60.0,0.0265,0.0,0.1358,659891.16
APP-00760,CO-00760,-55209.46,6553.22,-0.0162,55.3,0.0385,0.0,0.3706,362098.91
APP-00761,CO-00761,731935.51,6643.08,0.0957,60.0,0.0134,0.0,0.1397,1726171.1
APP-00762,CO-00762,-942481.07,87066.06,-0.2278,2.3,0.4501,0.8083,0.7038,199493.41
APP-00763,CO-00763,270974.57,5084.3,0.059,60.0,0.0171,0.0,0.1239,562284.88
APP-00764,CO-00764,-1445547.32,123519.5,-0.3489,0.4,0.6419,0.9667,0.7776,45899.21
APP-00765,CO-00765,-197124.73,21515.44,-0.064,21.8,0.1429,0.0,0.5472,468081.16
APP-00766,CO-00766,-24063.44,2303.0,-0.0654,6.4,0.1324,0.4667,0.5103,14650.75
APP-00767,CO-00767,-258182.73,24523.3,-0.1084,13.3,0.2184,0.0,0.5322,325978.29
APP-00768,CO-00768,-430491.92,36639.09,-0.3426,7.7,0.6383,0.3583,0.765,282330.19
APP-00769,CO-00769,-24007.96,2695.2,-0.0394,11.5,0.0899,0.0417,0.3637,31032.04
APP-00770,CO-00770,-207881.92,23488.71,-0.0176,13.3,0.0405,0.0,0.2648,312771.64
APP-00771,CO-00771,-1069655.64,109959.58,-0.0866,16.7,0.185,0.0,0.5379,1832410.75
APP-00772,CO-00772,-609587.06,59093.87,-0.0715,20.5,0.1462,0.0,0.4275,1213842.59
APP-00773,CO-00773,-240694.64,22578.65,-0.0851,3.2,0.17,0.7333,0.4727,71642.44
APP-00774,CO-00774,-606887.85,68102.87,-0.0718,7.5,0.1637,0.375,0.4885,511489.95
APP-00775,CO-00775,-62708.59,9185.29,-0.0283,18.7,0.0794,0.0,0.3197,171781.32
APP-00776,CO-00776,2936.31,3496.38,0.0011,28.0,0.0201,0.0,0.3174,98027.85
APP-00777,CO-00777,-31382.68,4073.12,-0.0427,36.7,0.1091,0.0,0.4235,149285.95
APP-00778,CO-00778,-845246.25,72729.32,-0.2593,2.2,0.4869,0.8167,0.7812,157682.21
APP-00779,CO-00779,106420.1,3111.96,0.0457,60.0,0.0206,0.0,0.1707,286684.88
APP-00780,CO-00780,12884.98,1166.92,0.0216,16.9,0.0302,0.0,0.2932,19677.36
APP-00781,CO-00781,147139.16,2769.62,0.0707,60.0,0.0205,0.0,0.1683,534126.69
APP-00782,CO-00782,-11672.69,2737.73,-0.0058,60.0,0.024,0.0,0.3222,415487.55
APP-00783,CO-00783,-1654127.15,161035.67,-0.1251,8.5,0.2567,0.2917,0.6407,1369221.51
APP-00784,CO-00784,561349.7,3087.9,0.1048,60.0,0.0089,0.0,0.1321,895241.12
APP-00785,CO-00785,-124122.07,11671.94,-0.056,19.2,0.112,0.0,0.406,224011.93
APP-00786,CO-00786,-124840.56,14935.77,-0.0444,1.9,0.1064,0.8417,0.4253,28102.59
APP-00787,CO-00787,7275.46,1041.34,0.0032,60.0,0.007,0.0,0.3065,214961.37
APP-00788,CO-00788,54466.87,754.78,0.0304,60.0,0.0065,0.0,0.2024,284127.76
APP-00789,CO-00789,58340.9,739.91,0.0786,60.0,0.0154,0.0,0.129,45097.67
APP-00790,CO-00790,109340.01,1939.98,0.058,60.0,0.0159,0.0,0.1103,217930.61
APP-00791,CO-00791,-57183.31,5965.71,-0.055,36.8,0.1188,0.0,0.429,219535.49
APP-00792,CO-00792,5981.77,1022.77,0.0095,60.0,0.0251,0.0,0.2549,153422.89
APP-00793,CO-00793,3741.0,4854.99,0.001,60.0,0.0205,0.0,0.2741,923973.03
APP-00794,CO-00794,-175604.89,19760.49,-0.0542,31.2,0.1239,0.0,0.3719,616777.27
APP-00795,CO-00795,-9953.32,983.85,-0.0271,60.0,0.0563,0.0,0.3104,73916.08
APP-00796,CO-00796,184791.79,1716.96,0.0953,60.0,0.0137,0.0,0.0287,325091.51
APP-00797,CO-00797,-201117.6,28767.36,-0.0339,15.8,0.0935,0.0,0.3988,455241.32
APP-00798,CO-00798,686066.73,6837.71,0.1086,60.0,0.0167,0.0,0.138,1072146.32
APP-00799,CO-00799,-820252.35,72771.79,-0.1342,1.3,0.2575,0.8917,0.6443,95913.5
APP-00800,CO-00800,-184474.98,20087.69,-0.081,30.9,0.1806,0.0,0.4675,621311.75
APP-00801,CO-00801,-47477.98,4947.76,-0.0504,9.9,0.1088,0.175,0.4961,48773.2
APP-00802,CO-00802,-17708.79,2344.07,-0.0239,7.7,0.0619,0.3583,0.3917,17990.72
APP-00803,CO-00803,-349721.08,31385.68,-0.1131,4.8,0.2188,0.6,0.6077,151199.74
APP-00804,CO-00804,5567.17,4745.18,0.0017,60.0,0.0229,0.0,0.2634,759873.07
APP-00805,CO-00805,390280.6,5525.62,0.0492,60.0,0.0107,0.0,0.1207,732779.57
APP-00806,CO-00806,-1538818.09,137455.45,-0.2338,6.3,0.4507,0.475,0.7864,870802.95
APP-00807,CO-00807,-107725.97,12161.96,-0.0561,9.6,0.1286,0.2,0.4752,116150.13
APP-00808,CO-00808,-5573.94,1395.92,-0.0088,60.0,0.039,0.0,0.3021,127421.92
APP-00809,CO-00809,-144092.52,12790.49,-0.0905,16.7,0.1737,0.0,0.5625,214222.43
APP-00810,CO-00810,-560564.7,48001.52,-0.2059,16.6,0.3852,0.0,0.7471,798534.95
APP-00811,CO-00811,-125985.72,13734.76,-0.0704,14.3,0.1571,0.0,0.4211,196362.26
APP-00812,CO-00812,-31905.48,5014.87,-0.026,17.5,0.0772,0.0,0.3769,87673.86
APP-00813,CO-00813,-407636.04,35580.18,-0.1445,3.5,0.274,0.7083,0.6578,124970.93
APP-00814,CO-00814,20520.94,1311.11,0.0155,60.0,0.0153,0.0,0.2484,166685.49
APP-00815,CO-00815,-113236.72,11164.59,-0.0968,21.1,0.2006,0.0,0.5802,235640.33
APP-00816,CO-00816,-231816.34,24689.94,-0.0775,2.4,0.1699,0.8,0.5465,58754.51
APP-00817,CO-00817,-56149.97,7499.72,-0.0383,58.9,0.1,0.0,0.3249,441619.88
APP-00818,CO-00818,-317713.95,30828.58,-0.1136,0.9,0.2325,0.925,0.5827,27971.3
APP-00819,CO-00819,-298056.11,26541.12,-0.1035,22.1,0.1991,0.0,0.5745,586015.65
APP-00820,CO-00820,-75507.88,7468.93,-0.1077,16.7,0.2236,0.0,0.6025,124907.88
APP-00821,CO-00821,-248829.55,23223.05,-0.1837,12.6,0.3656,0.0,0.7725,293562.58
APP-00822,CO-00822,158712.38,8749.45,0.0172,60.0,0.0146,0.0,0.2885,1106275.52
APP-00823,CO-00823,132292.45,821.31,0.193,60.0,0.0185,0.0,0.0403,145879.4
APP-00824,CO-00824,7997.13,164.81,0.0303,30.9,0.0096,0.0,0.1967,5093.99
APP-00825,CO-00825,-4631.23,680.89,-0.0136,35.0,0.0383,0.0,0.3966,23859.88
APP-00826,CO-00826,-488889.01,44926.75,-0.2167,8.8,0.4264,0.2667,0.7803,395829.23
APP-00827,CO-00827,-204641.24,18158.21,-0.0905,5.8,0.1738,0.5167,0.4865,105472.47
APP-00828,CO-00828,290065.81,3248.68,0.1489,60.0,0.0257,0.0,0.0449,470423.71
APP-00829,CO-00829,-1030472.56,89593.35,-0.1396,4.1,0.2641,0.6583,0.7173,367034.8
APP-00830,CO-00830,-16847.56,1531.89,-0.1113,12.4,0.2174,0.0,0.5091,19017.38
APP-00831,CO-00831,-18701.08,5962.01,-0.0057,60.0,0.0314,0.0,0.2416,681564.27
APP-00832,CO-00832,399232.39,3541.54,0.0382,29.5,0.0052,0.0,0.2259,104429.56
APP-00833,CO-00833,-107796.46,10057.99,-0.1519,10.3,0.3023,0.1417,0.7213,103170.94
APP-00834,CO-00834,-116190.16,11011.49,-0.0775,29.1,0.156,0.0,0.5816,320798.12
APP-00835,CO-00835,-100417.95,10064.25,-0.0973,1.0,0.204,0.9167,0.5796,10321.02
APP-00836,CO-00836,-190993.03,17743.85,-0.2132,3.8,0.4228,0.6833,0.7049,66966.18
APP-00837,CO-00837,-187147.77,17275.25,-0.1184,0.9,0.2337,0.925,0.6549,15812.69
APP-00838,CO-00838,-187881.06,19180.79,-0.0206,60.0,0.0437,0.0,0.3321,1365516.49
APP-00839,CO-00839,516039.36,25030.74,0.0375,60.0,0.0281,0.0,0.1698,2955882.09
APP-00840,CO-00840,-4170.91,1622.09,-0.0027,60.0,0.0174,0.0,0.3598,349390.2
APP-00841,CO-00841,-2599454.11,225359.2,-0.1765,5.3,0.3332,0.5583,0.7492,1192096.92
APP-00842,CO-00842,-311173.71,30181.69,-0.137,0.8,0.2805,0.9333,0.7205,22706.5
APP-00843,CO-00843,2303992.07,9369.19,0.182,32.6,0.0114,0.0,0.026,305711.25
APP-00844,CO-00844,-303589.81,28078.87,-0.1521,3.4,0.3007,0.7167,0.736,95762.81
APP-00845,CO-00845,-242246.87,22130.31,-0.097,13.4,0.19,0.0,0.5964,295966.44
APP-00846,CO-00846,222031.59,4990.19,0.0703,60.0,0.0244,0.0,0.1613,721407.14
APP-00847,CO-00847,-6907596.97,652931.99,-0.1312,1.2,0.2636,0.9,0.6979,792266.96
APP-00848,CO-00848,-38692.79,9509.66,-0.0075,60.0,0.0327,0.0,0.3132,1122449.47
APP-00849,CO-00849,62554.53,1409.37,0.0579,60.0,0.0201,0.0,0.1978,111513.28
APP-00850,CO-00850,-1208127.02,104898.62,-0.2092,12.5,0.3953,0.0,0.753,1311297.8
APP-00851,CO-00851,-21958.8,2397.13,-0.0144,60.0,0.0322,0.0,0.3772,324123.12
APP-00852,CO-00852,-241170.31,22426.67,-0.1796,12.3,0.3565,0.0,0.7821,275690.79
APP-00853,CO-00853,-419961.37,45269.19,-0.0773,10.4,0.171,0.1333,0.5259,472720.45
APP-00854,CO-00854,-222819.72,22398.92,-0.0986,11.5,0.2071,0.0417,0.5205,258263.55
APP-00855,CO-00855,-393693.39,37359.67,-0.136,4.9,0.2739,0.5917,0.6414,183249.42
APP-00856,CO-00856,-120433.39,12612.03,-0.0542,3.3,0.1174,0.725,0.4881,41171.24
APP-00857,CO-00857,-378193.54,35673.96,-0.1233,11.5,0.2472,0.0417,0.6499,410932.66
APP-00858,CO-00858,-769663.92,69312.55,-0.2296,10.6,0.4454,0.1167,0.8394,737702.89
APP-00859,CO-00859,-44073.19,3792.55,-0.1395,16.7,0.262,0.0,0.5809,63389.02
APP-00860,CO-00860,-342117.42,33096.46,-0.0802,14.1,0.1637,0.0,0.5125,466956.64
APP-00861,CO-00861,-163207.07,14196.9,-0.1988,2.2,0.3762,0.8167,0.7579,31817.85
APP-00862,CO-00862,-47889.59,4493.82,-0.0925,18.0,0.1847,0.0,0.5628,81090.19
APP-00863,CO-00863,159539.83,3399.09,0.0772,48.6,0.0254,0.0,0.0357,165189.73
APP-00864,CO-00864,-62042.44,7480.2,-0.026,3.2,0.0627,0.7333,0.3808,23832.63
APP-00865,CO-00865,-96526.89,9825.61,-0.0881,4.7,0.1869,0.6083,0.4703,46017.47
APP-00866,CO-00866,-71490.13,16189.76,-0.0142,60.0,0.0575,0.0,0.3164,1187392.44
APP-00867,CO-00867,-37318.03,4225.85,-0.0652,15.5,0.1497,0.0,0.4431,65343.19
APP-00868,CO-00868,115718.08,2599.19,0.0793,60.0,0.0275,0.0,0.0334,426482.66
APP-00869,CO-00869,-66052.83,7733.91,-0.0541,25.9,0.1275,0.0,0.3723,200313.97
APP-00870,CO-00870,-476919.07,41882.31,-0.228,7.7,0.4344,0.3583,0.7972,320640.12
APP-00871,CO-00871,-225993.38,23505.88,-0.078,25.2,0.1681,0.0,0.5415,591768.02
APP-00872,CO-00872,-242522.51,21410.38,-0.3032,7.9,0.5798,0.3417,0.7725,168311.0
APP-00873,CO-00873,-812557.48,76996.88,-0.1797,2.1,0.3616,0.825,0.7278,164476.34
APP-00874,CO-00874,-401211.78,36560.2,-0.1719,3.4,0.3363,0.7167,0.7373,123511.55
APP-00875,CO-00875,-28659.67,2746.93,-0.0867,4.7,0.176,0.6083,0.5063,13012.72
APP-00876,CO-00876,21093.79,555.93,0.0682,60.0,0.0277,0.0,0.1172,33778.7
APP-00877,CO-00877,319986.42,3560.72,0.1478,28.5,0.0254,0.0,0.0454,101418.59
APP-00878,CO-00878,-120702.01,11028.0,-0.0687,25.0,0.1346,0.0,0.4997,275502.93
APP-00879,CO-00879,-72244.72,8740.98,-0.0366,16.2,0.0884,0.0,0.411,141484.5
APP-00880,CO-00880,-192935.77,18996.93,-0.0905,26.5,0.1874,0.0,0.5799,503488.72
APP-00881,CO-00881,286961.55,3950.23,0.1045,60.0,0.0222,0.0,0.06,662001.48
APP-00882,CO-00882,-986212.51,93382.18,-0.1745,11.1,0.3508,0.075,0.7899,1037329.0
APP-00883,CO-00883,24493.61,1000.45,0.034,60.0,0.0214,0.0,0.1571,151273.18
APP-00884,CO-00884,-41827.7,4745.34,-0.0616,4.5,0.1418,0.625,0.4023,21360.71
APP-00885,CO-00885,-23626.27,2674.15,-0.0322,2.7,0.0739,0.775,0.3823,7343.02
APP-00886,CO-00886,826.9,1268.85,0.0003,60.0,0.0067,0.0,0.2816,325641.74
APP-00887,CO-00887,-667969.04,63197.58,-0.0878,26.7,0.1764,0.0,0.6092,1689353.01
APP-00888,CO-00888,118605.81,1801.5,0.0833,31.2,0.0195,0.0,0.0592,56241.15
APP-00889,CO-00889,-41563.06,3785.31,-0.2315,3.6,0.4525,0.7,0.7742,13494.73
APP-00890,CO-00890,-17125.49,2000.91,-0.043,35.5,0.101,0.0,0.4711,70941.12
APP-00891,CO-00891,41697.63,1054.72,0.0438,60.0,0.0171,0.0,0.178,77132.14
APP-00892,CO-00892,-186926.19,17009.37,-0.149,16.6,0.2911,0.0,0.7406,282180.02
APP-00893,CO-00893,174098.31,3026.05,0.1195,60.0,0.0321,0.0,0.0547,402640.74
APP-00894,CO-00894,19559.18,1322.5,0.0086,17.2,0.009,0.0,0.2814,22774.82
APP-00895,CO-00895,-153995.45,13944.77,-0.096,15.6,0.1869,0.0,0.5914,217980.46
APP-00896,CO-00896,-320685.07,35657.24,-0.0512,1.8,0.1161,0.85,0.4658,62578.02
APP-00897,CO-00897,-112631.19,11125.55,-0.1011,9.1,0.2096,0.2417,0.5949,100710.27
APP-00898,CO-00898,-17697.68,2422.64,-0.0191,60.0,0.0509,0.0,0.3313,232044.22
APP-00899,CO-00899,-589937.09,50539.43,-0.1668,0.7,0.3122,0.9417,0.7587,35373.04
APP-00900,CO-00900,-45620.8,4390.03,-0.0967,26.2,0.1967,0.0,0.5681,114936.53
APP-00901,CO-00901,-230096.81,21070.61,-0.0711,46.8,0.1396,0.0,0.4221,985651.48
APP-00902,CO-00902,-99873.84,9370.28,-0.0411,55.0,0.0822,0.0,0.3412,515016.82
APP-00903,CO-00903,-129385.47,12553.25,-0.0684,10.6,0.1401,0.1167,0.4989,132611.96
APP-00904,CO-00904,-506589.07,48337.94,-0.0472,11.8,0.0955,0.0167,0.4143,569084.5
APP-00905,CO-00905,112134.47,1295.67,0.0953,60.0,0.017,0.0,0.0763,132350.21
APP-00906,CO-00906,-1905153.04,187419.6,-0.1108,0.9,0.2291,0.925,0.6472,171979.06
APP-00907,CO-00907,-9903.63,1552.31,-0.0057,11.3,0.0168,0.0583,0.3243,17490.24
APP-00908,CO-00908,-11365.04,1685.36,-0.0186,4.2,0.0528,0.65,0.3319,7086.48
APP-00909,CO-00909,26294.91,2827.15,0.0112,60.0,0.0186,0.0,0.3223,401437.95
APP-00910,CO-00910,69913.45,251.3,0.0936,29.7,0.0052,0.0,0.0989,7469.51
APP-00911,CO-00911,-200823.79,18414.67,-0.1944,3.1,0.3819,0.7417,0.7585,57588.07
APP-00912,CO-00912,-400632.38,34984.31,-0.1229,15.9,0.2332,0.0,0.6517,557485.84
APP-00913,CO-00913,-365649.09,37973.54,-0.0957,3.5,0.2061,0.7083,0.5493,133426.57
APP-00914,CO-00914,-20912.32,3450.85,-0.0178,21.2,0.055,0.0,0.3823,73262.98
APP-00915,CO-00915,-825186.13,73688.8,-0.1403,0.8,0.2704,0.9333,0.6752,58819.87
APP-00916,CO-00916,-670050.8,69452.21,-0.0961,1.0,0.2065,0.9167,0.5736,69726.63
APP-00917,CO-00917,-116605.79,19246.35,-0.0127,42.2,0.0392,0.0,0.2561,812057.77
APP-00918,CO-00918,-397807.05,36085.41,-0.1069,1.0,0.2084,0.9167,0.5908,37206.67
APP-00919,CO-00919,130278.95,8620.2,0.0152,60.0,0.0155,0.0,0.2654,1027691.07
APP-00920,CO-00920,-41146.2,3897.8,-0.1232,4.1,0.2477,0.6583,0.5945,16115.11
APP-00921,CO-00921,-43046.09,6137.84,-0.027,14.3,0.0742,0.0,0.4153,87630.45
APP-00922,CO-00922,-86992.38,8622.75,-0.0945,19.7,0.1964,0.0,0.5409,170137.36
APP-00923,CO-00923,-98093.67,12977.44,-0.0397,33.9,0.103,0.0,0.3796,439748.72
APP-00924,CO-00924,-98406.75,10683.64,-0.0795,9.2,0.1769,0.2333,0.5138,98636.74
APP-00925,CO-00925,101467.18,1258.61,0.0547,60.0,0.0105,0.0,0.1432,497049.27
APP-00926,CO-00926,593786.02,27780.4,0.0413,60.0,0.0298,0.0,0.1592,3381342.71
APP-00927,CO-00927,-290864.1,25200.32,-0.1573,12.8,0.2968,0.0,0.6823,321542.19
APP-00928,CO-00928,-249985.21,27487.1,-0.0754,14.7,0.1694,0.0,0.468,403736.77
APP-00929,CO-00929,17177.01,1367.43,0.0099,12.7,0.0121,0.0,0.2856,17371.05
APP-00930,CO-00930,-295650.14,26524.79,-0.1251,7.3,0.2419,0.3917,0.6516,193163.93
APP-00931,CO-00931,-107202.37,11294.65,-0.0486,25.7,0.1058,0.0,0.428,289960.82
APP-00932,CO-00932,-253592.95,23367.55,-0.0739,42.0,0.1457,0.0,0.503,982152.57
APP-00933,CO-00933,-30041.55,15024.92,-0.0043,60.0,0.0353,0.0,0.2861,1916035.01
APP-00934,CO-00934,625208.37,6277.64,0.0549,60.0,0.0085,0.0,0.0943,540491.29
APP-00935,CO-00935,-49294.8,7399.31,-0.0165,60.0,0.0473,0.0,0.3507,769938.45
APP-00936,CO-00936,362788.1,7589.82,0.0918,60.0,0.0296,0.0,0.0674,874568.12
APP-00937,CO-00937,-81735.42,7813.2,-0.1179,15.9,0.2387,0.0,0.6158,124343.88
APP-00938,CO-00938,96815.03,2801.44,0.0482,60.0,0.0215,0.0,0.1869,460838.28
APP-00939,CO-00939,-235918.87,31297.48,-0.042,12.4,0.1092,0.0,0.4154,388512.24
APP-00940,CO-00940,-661699.58,57083.65,-0.127,10.0,0.2389,0.1667,0.6362,570159.99
APP-00941,CO-00941,-239170.0,22348.73,-0.0883,30.4,0.1759,0.0,0.5048,679345.54
APP-00942,CO-00942,-672290.3,58959.71,-0.1264,0.9,0.2406,0.925,0.6491,53168.63
APP-00943,CO-00943,-271212.73,24950.52,-0.0758,27.3,0.1492,0.0,0.4861,680879.57
APP-00944,CO-00944,-124928.83,15587.56,-0.0172,60.0,0.0425,0.0,0.2709,1856841.09
APP-00945,CO-00945,-93876.45,12009.25,-0.0321,52.5,0.081,0.0,0.4183,630675.68
APP-00946,CO-00946,-100451.3,9613.88,-0.0654,7.6,0.1326,0.3667,0.4707,73071.49
APP-00947,CO-00947,188653.16,4585.48,0.0615,60.0,0.0231,0.0,0.1378,562779.76
APP-00948,CO-00948,4852.09,190.02,0.0415,21.5,0.0251,0.0,0.143,4086.22
APP-00949,CO-00949,-329059.99,30753.09,-0.1024,26.1,0.204,0.0,0.5223,802582.13
APP-00950,CO-00950,-5631.83,571.07,-0.0704,19.3,0.1489,0.0,0.4601,11011.52
APP-00951,CO-00951,-6504.29,762.76,-0.0166,60.0,0.0392,0.0,0.3269,70648.72
APP-00952,CO-00952,-215322.07,23625.53,-0.0625,33.8,0.1403,0.0,0.4458,797964.12
APP-00953,CO-00953,-258228.84,25287.56,-0.0731,19.0,0.1506,0.0,0.4786,479707.66
APP-00954,CO-00954,-82737.04,8124.09,-0.1207,8.0,0.2493,0.3333,0.702,64760.43
APP-00955,CO-00955,-135085.6,12605.51,-0.1257,6.8,0.25,0.4333,0.7093,86302.27
APP-00956,CO-00956,-99566.93,21693.93,-0.0115,60.0,0.0451,0.0,0.3353,1483402.94
APP-00957,CO-00957,-297475.24,26087.22,-0.2203,11.5,0.4192,0.0417,0.6933,301069.25
APP-00958,CO-00958,-4911511.47,429604.57,-0.2379,9.5,0.4519,0.2083,0.7734,4076845.35
APP-00959,CO-00959,-255503.18,23691.65,-0.1168,0.9,0.2314,0.925,0.7207,21870.85
APP-00960,CO-00960,-484898.0,45174.6,-0.1471,3.9,0.2924,0.675,0.7534,173969.85
APP-00961,CO-00961,203627.87,13464.06,0.0184,60.0,0.0188,0.0,0.1882,1625821.87
APP-00962,CO-00962,213610.47,4348.67,0.0855,20.3,0.0269,0.0,0.0462,88344.96
APP-00963,CO-00963,-74148.32,6524.23,-0.0922,29.8,0.1759,0.0,0.4611,194572.62
APP-00964,CO-00964,-394842.04,36652.51,-0.2011,6.0,0.3986,0.5,0.7843,219094.16
APP-00965,CO-00965,-184987.24,19547.37,-0.0875,1.1,0.1907,0.9083,0.5259,21146.28
APP-00966,CO-00966,-95077.07,8348.77,-0.1699,11.2,0.3235,0.0667,0.742,93541.1
APP-00967,CO-00967,-140600.54,12581.48,-0.0829,10.0,0.16,0.1667,0.5462,125507.06
APP-00968,CO-00968,14900.3,1391.72,0.0143,60.0,0.0206,0.0,0.2137,227611.49
APP-00969,CO-00969,-351764.13,31774.72,-0.0637,5.4,0.1238,0.55,0.4692,171487.82
APP-00970,CO-00970,191753.86,1668.08,0.0845,35.4,0.0113,0.0,0.0082,59070.5
APP-00971,CO-00971,-19580.96,3649.2,-0.0119,4.5,0.0406,0.625,0.3467,16515.16
APP-00972,CO-00972,-66082.0,8280.38,-0.0335,22.7,0.0833,0.0,0.4125,188212.88
APP-00973,CO-00973,-275175.69,24775.69,-0.1005,21.0,0.1948,0.0,0.5768,519923.03
APP-00974,CO-00974,159501.85,7981.4,0.0393,60.0,0.0303,0.0,0.2137,670026.77
APP-00975,CO-00975,-204857.87,17596.15,-0.2541,0.5,0.4764,0.9583,0.7619,8063.62
APP-00976,CO-00976,13483.59,465.7,0.0174,60.0,0.0093,0.0,0.2935,106329.36
APP-00977,CO-00977,389373.34,4083.36,0.0589,60.0,0.0095,0.0,0.0844,1033176.2
APP-00978,CO-00978,-172068.24,17182.7,-0.1186,20.1,0.248,0.0,0.5745,345417.89
APP-00979,CO-00979,-77436.09,7447.24,-0.1457,3.9,0.2964,0.675,0.6668,29152.42
APP-00980,CO-00980,173780.45,1335.96,0.0509,60.0,0.006,0.0,0.1616,700468.94
APP-00981,CO-00981,-306148.7,31102.1,-0.0879,20.5,0.1861,0.0,0.5464,638477.3
APP-00982,CO-00982,-15365.49,1499.49,-0.0324,60.0,0.0666,0.0,0.327,92287.24
APP-00983,CO-00983,126641.65,1282.13,0.0459,60.0,0.0072,0.0,0.1272,358920.63
APP-00984,CO-00984,-261780.22,23947.52,-0.0573,1.9,0.1123,0.8417,0.4215,45725.57
APP-00985,CO-00985,-331150.33,33284.04,-0.1039,2.8,0.2183,0.7667,0.5944,91682.23
APP-00986,CO-00986,-254451.67,25662.2,-0.0617,40.7,0.13,0.0,0.4236,1044940.48
APP-00987,CO-00987,-104617.82,9422.01,-0.1944,8.5,0.3771,0.2917,0.7583,80506.09
APP-00988,CO-00988,-156344.87,14210.33,-0.0512,35.6,0.1,0.0,0.4221,505653.89
APP-00989,CO-00989,-258541.15,24637.4,-0.1597,10.0,0.3226,0.1667,0.6855,247428.5
APP-00990,CO-00990,-73643.71,8911.43,-0.0545,3.7,0.1316,0.6917,0.4243,33146.92
APP-00991,CO-00991,-1179996.16,102231.29,-0.2255,3.4,0.4254,0.7167,0.7665,346739.42
APP-00992,CO-00992,-1262584.91,119473.36,-0.1313,9.7,0.2638,0.1917,0.7411,1159933.31
APP-00993,CO-00993,2065185.96,20053.11,0.1567,17.7,0.0235,0.0,0.0662,354764.45
APP-00994,CO-00994,467573.38,16519.36,0.0573,60.0,0.0312,0.0,0.0905,2345053.45
APP-00995,CO-00995,-308912.33,28059.54,-0.1573,1.5,0.307,0.875,0.6888,43285.55
APP-00996,CO-00996,-387149.4,34600.01,-0.1242,18.3,0.2395,0.0,0.6054,631941.03
APP-00997,CO-00997,77021.04,4547.01,0.0163,51.7,0.0149,0.0,0.2824,234994.25
APP-00998,CO-00998,130033.53,3593.26,0.0526,60.0,0.0224,0.0,0.1167,657284.11
APP-00999,CO-00999,-475464.91,42519.53,-0.1904,11.4,0.3674,0.05,0.7796,483035.91
APP-01000,CO-01000,-324639.22,29411.93,-0.065,12.0,0.1266,0.0,0.4995,352715.28
APP-01001,CO-01001,-140781.13,15337.99,-0.0682,16.2,0.1521,0.0,0.4648,248810.34
APP-01002,CO-01002,-156553.05,14996.65,-0.1481,16.7,0.3004,0.0,0.7268,250329.39
APP-01003,CO-01003,4717.67,1694.48,0.0033,60.0,0.0181,0.0,0.2224,288226.47
APP-01004,CO-01004,345063.38,5160.68,0.0835,8.0,0.0193,0.3333,0.1107,41305.06
APP-01005,CO-01005,-180773.04,17687.75,-0.0822,29.7,0.1694,0.0,0.4683,524940.81
APP-01006,CO-01006,-379424.43,35499.81,-0.1232,4.9,0.2456,0.5917,0.6981,173561.55
APP-01007,CO-01007,163143.84,2196.66,0.0381,60.0,0.0079,0.0,0.216,257756.46
APP-01008,CO-01008,3530.17,1645.15,0.0023,60.0,0.0169,0.0,0.2389,390884.48
APP-01009,CO-01009,-2403.76,5415.04,-0.0005,60.0,0.0182,0.0,0.3341,1129130.67
APP-01010,CO-01010,-178118.7,21498.3,-0.0557,6.3,0.1342,0.475,0.3671,136241.49
APP-01011,CO-01011,-93293.03,8041.17,-0.1464,10.3,0.2751,0.1417,0.6119,83076.04
APP-01012,CO-01012,-663650.15,63457.94,-0.0716,6.9,0.145,0.425,0.5044,437688.04
APP-01013,CO-01013,51247.1,1595.47,0.0386,60.0,0.0185,0.0,0.2143,323842.76
APP-01014,CO-01014,-72104.37,6769.05,-0.1722,13.1,0.3441,0.0,0.7668,88831.85
APP-01015,CO-01015,-90672.1,8434.9,-0.1177,21.7,0.2336,0.0,0.6123,183427.27
APP-01016,CO-01016,-149254.08,13102.93,-0.1891,0.6,0.3601,0.95,0.7577,7893.42
APP-01017,CO-01017,-280570.11,26312.95,-0.1215,1.2,0.2427,0.9,0.5969,31578.31
APP-01018,CO-01018,-145251.24,13525.89,-0.0872,21.0,0.1732,0.0,0.4923,283554.84
APP-01019,CO-01019,-156811.3,15090.53,-0.1002,1.0,0.2039,0.9167,0.6011,15646.43
APP-01020,CO-01020,-837730.04,76084.47,-0.2057,2.6,0.4014,0.7833,0.6916,194356.02
APP-01021,CO-01021,353514.26,3885.39,0.1148,48.7,0.0195,0.0,0.0793,189182.44
APP-01022,CO-01022,-337404.88,32325.75,-0.1123,19.5,0.2277,0.0,0.5557,629402.21
APP-01023,CO-01023,194543.92,1324.12,0.0589,60.0,0.0062,0.0,0.1021,662440.01
APP-01024,CO-01024,81634.3,6030.74,0.0201,60.0,0.0229,0.0,0.2593,833180.05
APP-01025,CO-01025,-19516.73,2166.87,-0.0733,1.2,0.1659,0.9,0.5297,2662.12
APP-01026,CO-01026,87946.34,1816.88,0.0578,60.0,0.0184,0.0,0.1872,282172.16
APP-01027,CO-01027,-32191.06,3113.03,-0.13,8.3,0.2654,0.3083,0.6584,25847.35
APP-01028,CO-01028,-42677.9,6495.95,-0.0188,32.4,0.0544,0.0,0.3168,210351.28
APP-01029,CO-01029,-282818.94,26982.48,-0.1297,13.6,0.2622,0.0,0.6155,366411.0
APP-01030,CO-01030,183467.74,5459.01,0.0294,60.0,0.0135,0.0,0.1465,1603424.06
APP-01031,CO-01031,-128026.85,25222.88,-0.0178,2.8,0.064,0.7667,0.354,71859.22
APP-01032,CO-01032,201414.93,1905.12,0.075,60.0,0.011,0.0,0.0855,624887.37
APP-01033,CO-01033,-175395.17,15429.04,-0.132,12.2,0.2518,0.0,0.6673,188455.31
APP-01034,CO-01034,-581448.19,49924.14,-0.1633,13.8,0.3062,0.0,0.666,688229.6
APP-01035,CO-01035,18532.36,1654.93,0.0143,60.0,0.0198,0.0,0.2831,283629.93
APP-01036,CO-01036,-427702.92,38741.35,-0.1955,9.1,0.3807,0.2417,0.8068,353072.79
APP-01037,CO-01037,-871957.27,81298.64,-0.1484,9.5,0.2952,0.2083,0.7037,772128.56
APP-01038,CO-01038,18981.39,796.26,0.0151,60.0,0.0098,0.0,0.1889,150364.14
APP-01039,CO-01039,-504883.95,49299.81,-0.1029,9.7,0.2117,0.1917,0.6193,477565.56
APP-01040,CO-01040,369685.23,2684.54,0.0857,60.0,0.0096,0.0,0.0562,1067542.06
APP-01041,CO-01041,-109682.94,10535.73,-0.13,22.1,0.2643,0.0,0.6706,233045.84
APP-01042,CO-01042,369954.67,4729.55,0.0638,60.0,0.0126,0.0,0.0921,1307827.51
APP-01043,CO-01043,-342601.22,33273.37,-0.0778,31.0,0.1593,0.0,0.4627,1030029.88
APP-01044,CO-01044,-236561.06,22081.56,-0.0975,20.2,0.194,0.0,0.5607,445187.98
APP-01045,CO-01045,-83801.62,7982.21,-0.082,29.1,0.1655,0.0,0.4794,232326.78
APP-01046,CO-01046,-138746.3,13042.35,-0.1495,4.9,0.2991,0.5917,0.6479,64129.11
APP-01047,CO-01047,-260620.83,24379.99,-0.2036,5.2,0.4059,0.5667,0.7478,126343.5
APP-01048,CO-01048,-373627.95,35871.43,-0.0991,12.8,0.2013,0.0,0.5914,460640.67
APP-01049,CO-01049,-117393.19,10655.1,-0.1393,9.8,0.2717,0.1833,0.7138,104287.28
APP-01050,CO-01050,-706606.98,61759.65,-0.2082,8.5,0.3953,0.2917,0.7349,525168.04
APP-01051,CO-01051,-56835.51,5639.07,-0.0898,33.3,0.1868,0.0,0.4773,187622.06
APP-01052,CO-01052,-190108.69,17848.78,-0.1064,20.6,0.2126,0.0,0.6292,368196.56
APP-01053,CO-01053,178254.92,4122.15,0.0729,60.0,0.026,0.0,0.0317,646480.47
APP-01054,CO-01054,-1499657.32,160224.15,-0.0593,38.5,0.1305,0.0,0.4218,6169961.91
APP-01055,CO-01055,-12934.62,1660.61,-0.0234,60.0,0.0592,0.0,0.2863,139566.83
APP-01056,CO-01056,-1588587.93,151492.15,-0.1664,10.6,0.3362,0.1167,0.7595,1601949.05
APP-01057,CO-01057,-39161.31,4162.13,-0.0154,45.2,0.0337,0.0,0.3012,187958.13
APP-01058,CO-01058,22137.68,5090.64,0.0067,60.0,0.0238,0.0,0.2974,734692.88
APP-01059,CO-01059,-191744.18,18574.07,-0.0777,11.0,0.1589,0.0833,0.4575,204339.03
APP-01060,CO-01060,138527.39,1867.11,0.0405,60.0,0.0084,0.0,0.1632,696582.29
APP-01061,CO-01061,135584.64,931.2,0.0722,29.8,0.0076,0.0,0.1332,27728.23
APP-01062,CO-01062,-56088.86,18458.76,-0.006,60.0,0.0337,0.0,0.2403,1706028.2
APP-01063,CO-01063,-32941.29,3566.84,-0.0237,32.6,0.0527,0.0,0.3473,116237.03
APP-01064,CO-01064,-935380.24,90399.85,-0.1376,13.4,0.2808,0.0,0.6732,1215450.15
APP-01065,CO-01065,-311315.8,26952.42,-0.2706,9.8,0.5103,0.1833,0.7467,264035.42
APP-01066,CO-01066,303973.53,1929.17,0.1473,25.1,0.0144,0.0,0.0298,48416.25
APP-01067,CO-01067,-87418.4,8401.51,-0.1165,0.9,0.2369,0.925,0.6107,7501.57
APP-01068,CO-01068,344824.47,2482.06,0.0998,60.0,0.0111,0.0,0.0936,906396.44
APP-01069,CO-01069,-620547.04,54925.53,-0.0668,14.0,0.1279,0.0,0.4533,768739.56
APP-01070,CO-01070,356644.38,2258.44,0.1758,60.0,0.0172,0.0,0.0431,454523.9
APP-01071,CO-01071,-46560.38,6142.44,-0.0259,60.0,0.0669,0.0,0.3476,404209.9
APP-01072,CO-01072,43203.12,800.53,0.0601,60.0,0.0172,0.0,0.1182,154071.2
APP-01073,CO-01073,-146419.73,14178.82,-0.084,1.2,0.1718,0.9,0.516,17422.84
APP-01074,CO-01074,-86304.19,7859.71,-0.1937,12.4,0.3787,0.0,0.7017,97769.1
APP-01075,CO-01075,-94160.58,9441.52,-0.1071,22.2,0.2245,0.0,0.6341,209691.84
APP-01076,CO-01076,-598705.95,52566.95,-0.2178,5.8,0.4148,0.5167,0.703,303839.91
APP-01077,CO-01077,-932521.42,91772.41,-0.1138,15.4,0.2354,0.0,0.6556,1411914.86
APP-01078,CO-01078,-7095636.35,607415.32,-0.1951,2.6,0.365,0.7833,0.776,1561269.66
APP-01079,CO-01079,-166459.55,15302.3,-0.1366,22.3,0.2688,0.0,0.657,340534.97
APP-01080,CO-01080,184921.06,9128.06,0.0201,60.0,0.0153,0.0,0.1978,720343.54
APP-01081,CO-01081,226935.2,3212.01,0.0812,60.0,0.0177,0.0,0.0926,199899.07
APP-01082,CO-01082,-263598.46,22896.0,-0.1399,0.8,0.2645,0.9333,0.6943,18837.07
APP-01083,CO-01083,-421453.57,37067.43,-0.1248,20.9,0.238,0.0,0.6697,773160.83
APP-01084,CO-01084,-278834.32,25210.59,-0.1196,15.8,0.2326,0.0,0.5788,398959.12
APP-01085,CO-01085,171477.19,1987.04,0.0701,37.7,0.0125,0.0,0.1806,74813.87
APP-01086,CO-01086,-25656.37,3605.27,-0.0176,15.7,0.0479,0.0,0.3102,56723.9
APP-01087,CO-01087,-55401.41,5230.47,-0.1023,27.4,0.2053,0.0,0.5237,143078.34
APP-01088,CO-01088,-606.69,387.75,-0.0013,12.1,0.0135,0.0,0.3427,4680.71
APP-01089,CO-01089,642384.94,5967.06,0.1525,60.0,0.0219,0.0,0.0855,727060.83
APP-01090,CO-01090,-286792.04,25546.03,-0.1726,9.8,0.3321,0.1833,0.7848,250663.66
APP-01091,CO-01091,-116070.45,10202.03,-0.0961,22.2,0.1833,0.0,0.5723,226490.37
APP-01092,CO-01092,-279285.27,24952.94,-0.1264,17.7,0.2437,0.0,0.5828,442468.98
APP-01093,CO-01093,-680616.42,63091.77,-0.1403,16.6,0.2778,0.0,0.6802,1047091.54
APP-01094,CO-01094,-139214.84,15263.25,-0.053,1.7,0.1189,0.8583,0.4042,26244.03
APP-01095,CO-01095,-167062.35,15892.07,-0.1469,10.6,0.2964,0.1167,0.6077,168138.22
APP-01096,CO-01096,-751824.75,68350.44,-0.1007,2.1,0.1965,0.825,0.5369,145869.97
APP-01097,CO-01097,-1649662.76,151473.76,-0.1552,5.0,0.3052,0.5833,0.7459,754064.0
APP-01098,CO-01098,-206257.28,21379.65,-0.0574,24.1,0.1234,0.0,0.4732,514856.33
APP-01099,CO-01099,164826.48,10548.87,0.0284,60.0,0.0281,0.0,0.159,1105448.09
APP-01100,CO-01100,-475026.02,51806.95,-0.0626,35.6,0.1398,0.0,0.4639,1846300.32
APP-01101,CO-01101,-116500.56,13536.73,-0.0172,60.0,0.0402,0.0,0.432,1429816.15
APP-01102,CO-01102,182921.02,8144.27,0.0452,24.6,0.031,0.0,0.2056,200033.72
APP-01103,CO-01103,-148767.59,16203.95,-0.0373,44.6,0.0832,0.0,0.4094,722881.7
APP-01104,CO-01104,-281807.82,30867.35,-0.0765,24.6,0.1713,0.0,0.4596,758345.7
APP-01105,CO-01105,-97670.53,8748.05,-0.1335,21.3,0.258,0.0,0.6647,186282.98
APP-01106,CO-01106,-857840.05,76582.52,-0.1943,0.6,0.3744,0.95,0.7643,44159.04
APP-01107,CO-01107,-4033.43,1068.43,-0.0071,60.0,0.0331,0.0,0.3469,78940.14
APP-01108,CO-01108,-47109.44,4365.93,-0.0476,18.6,0.0942,0.0,0.4468,81300.89
APP-01109,CO-01109,693553.95,12795.72,0.086,56.4,0.0245,0.0,0.0836,722015.25
APP-01110,CO-01110,375734.44,2622.63,0.074,60.0,0.008,0.0,0.0372,1002985.82
APP-01111,CO-01111,-161790.02,19501.06,-0.0167,32.0,0.0402,0.0,0.3337,624663.2
APP-01112,CO-01112,86346.56,1404.89,0.0517,31.3,0.013,0.0,0.0985,43987.11
APP-01113,CO-01113,7675.42,1394.7,0.0111,60.0,0.0311,0.0,0.1967,171538.0
APP-01114,CO-01114,-190709.45,19400.93,-0.1107,1.3,0.2346,0.8917,0.5679,24363.95
APP-01115,CO-01115,-185206.44,18320.73,-0.0763,9.4,0.1585,0.2167,0.5033,172692.63
APP-01116,CO-01116,-448977.33,40418.49,-0.1893,7.2,0.3671,0.4,0.8256,289816.39
APP-01117,CO-01117,59304.0,4793.58,0.0087,60.0,0.0109,0.0,0.2858,1019598.36
APP-01118,CO-01118,-163243.0,15229.56,-0.1069,14.4,0.2127,0.0,0.6556,219876.51
APP-01119,CO-01119,-348739.63,35468.17,-0.1119,22.3,0.2372,0.0,0.6216,790917.41
APP-01120,CO-01120,-94254.62,9254.69,-0.1156,7.3,0.2387,0.3917,0.641,67345.53
APP-01121,CO-01121,-308749.21,31070.56,-0.0898,6.9,0.1888,0.425,0.4691,215068.74
APP-01122,CO-01122,-183441.02,17090.43,-0.0835,1.3,0.1659,0.8917,0.5577,22075.97
APP-01123,CO-01123,-39563.45,5024.52,-0.0382,32.6,0.0959,0.0,0.3688,163651.82
APP-01124,CO-01124,74368.48,3504.8,0.043,60.0,0.0312,0.0,0.122,228339.9
APP-01125,CO-01125,-100409.77,12126.33,-0.0551,42.3,0.1329,0.0,0.3738,512604.97
APP-01126,CO-01126,37742.39,2313.05,0.0226,60.0,0.0213,0.0,0.2504,192150.75
APP-01127,CO-01127,839423.03,7917.46,0.0652,60.0,0.0095,0.0,0.1508,1281147.59
APP-01128,CO-01128,-161556.02,17475.31,-0.0814,23.2,0.1805,0.0,0.5498,406025.11
APP-01129,CO-01129,-182614.35,17416.94,-0.1064,17.8,0.215,0.0,0.631,309645.59
APP-01130,CO-01130,-7535.94,735.72,-0.028,55.7,0.0576,0.0,0.4687,40942.84
APP-01131,CO-01131,78158.8,426.5,0.0872,60.0,0.0073,0.0,0.0595,145908.73
APP-01132,CO-01132,-124734.42,12657.6,-0.0741,3.9,0.1567,0.675,0.5154,49073.0
APP-01133,CO-01133,-33157.43,4744.31,-0.03,29.8,0.0828,0.0,0.3986,141417.29
APP-01134,CO-01134,-1564651.14,147671.86,-0.1793,0.6,0.3598,0.95,0.78,87250.4
APP-01135,CO-01135,-8607.55,4407.65,-0.0046,60.0,0.0391,0.0,0.2969,299183.7
APP-01136,CO-01136,-71224.35,16632.79,-0.009,60.0,0.0372,0.0,0.2723,2078043.0
APP-01137,CO-01137,-218248.17,22967.27,-0.0936,9.8,0.2035,0.1833,0.6204,225969.35
APP-01138,CO-01138,302636.41,1353.56,0.1331,57.6,0.0092,0.0,0.0277,78027.86
APP-01139,CO-01139,60150.56,1000.55,0.03,20.0,0.0077,0.0,0.1919,20050.98
APP-01140,CO-01140,-468051.43,39854.04,-0.2128,12.8,0.3966,0.0,0.7656,509427.31
APP-01141,CO-01141,-719197.84,80565.64,-0.0588,12.3,0.1341,0.0,0.3923,992998.47
APP-01142,CO-01142,47847.13,417.37,0.2221,60.0,0.0299,0.0,0.0321,37414.27
APP-01143,CO-01143,-47906.09,4526.06,-0.1618,11.0,0.3248,0.0833,0.8035,49776.11
APP-01144,CO-01144,-223020.64,21102.52,-0.1752,2.1,0.3521,0.825,0.766,43750.57
APP-01145,CO-01145,-636995.23,55956.52,-0.2865,6.8,0.5459,0.4333,0.7798,378288.16
APP-01146,CO-01146,-220841.86,25694.28,-0.0505,4.6,0.1185,0.6167,0.3836,119393.87
APP-01147,CO-01147,-4194.34,3594.12,-0.0012,60.0,0.0164,0.0,0.265,787020.49
APP-01148,CO-01148,65217.22,2499.19,0.0437,7.3,0.0258,0.3917,0.1612,18299.98
APP-01149,CO-01149,-625392.37,62140.34,-0.103,6.5,0.2146,0.4583,0.5748,401062.48
APP-01150,CO-01150,-16115.51,8069.24,-0.0026,60.0,0.0217,0.0,0.2459,593204.17
APP-01151,CO-01151,-18488.72,2620.51,-0.007,60.0,0.0192,0.0,0.3376,593422.74
APP-01152,CO-01152,-556800.41,50986.55,-0.097,11.9,0.1905,0.0083,0.5954,608113.54
APP-01153,CO-01153,-205187.99,22516.78,-0.0713,29.7,0.1599,0.0,0.4628,669201.82
APP-01154,CO-01154,-80264.22,8389.76,-0.0642,23.8,0.1389,0.0,0.4659,199281.26
APP-01155,CO-01155,-716344.24,64284.46,-0.1627,15.6,0.3147,0.0,0.7053,1003174.74
APP-01156,CO-01156,-515794.31,47856.68,-0.2107,9.1,0.4176,0.2417,0.6821,434079.43
APP-01157,CO-01157,-82555.08,9018.1,-0.0376,32.3,0.0841,0.0,0.3696,291438.93
APP-01158,CO-01158,-104168.11,17354.91,-0.0109,60.0,0.034,0.0,0.3091,1715849.87
APP-01159,CO-01159,18448.44,317.72,0.0976,44.3,0.0259,0.0,0.0762,14084.73
APP-01160,CO-01160,-49031.8,4593.05,-0.0924,28.4,0.1843,0.0,0.5571,130303.25
APP-01161,CO-01161,-21913.28,2571.08,-0.0328,58.1,0.0774,0.0,0.4208,149263.5
APP-01162,CO-01162,62243.59,2434.53,0.0408,18.5,0.0246,0.0,0.1461,45033.07
APP-01163,CO-01163,210356.63,1844.9,0.1238,60.0,0.0168,0.0,0.0312,487421.0
APP-01164,CO-01164,-869.74,508.02,-0.0018,60.0,0.0171,0.0,0.2635,33581.35
APP-01165,CO-01165,-28966.1,2708.6,-0.0354,60.0,0.0705,0.0,0.3302,174680.33
APP-01166,CO-01166,-196879.24,18110.72,-0.2125,11.3,0.4185,0.0583,0.7382,204520.12
APP-01167,CO-01167,-3016115.76,283450.84,-0.1179,3.0,0.2358,0.75,0.6362,848274.79
APP-01168,CO-01168,-2611684.78,241851.35,-0.1967,0.5,0.3892,0.9583,0.7586,132796.31
APP-01169,CO-01169,-200246.92,18740.77,-0.1379,15.3,0.275,0.0,0.6599,286015.18
APP-01170,CO-01170,168027.8,1042.73,0.1103,60.0,0.0106,0.0,0.0985,177622.31
APP-01171,CO-01171,-83003.93,7589.77,-0.1195,14.4,0.2344,0.0,0.5415,109425.59
APP-01172,CO-01172,-81500.27,7137.44,-0.2507,9.9,0.4766,0.175,0.7101,70633.36
APP-01173,CO-01173,16560.6,3173.62,0.0085,46.0,0.0251,0.0,0.2389,145939.2
APP-01174,CO-01174,-111857.68,10365.75,-0.1385,0.8,0.2741,0.9333,0.6836,8078.63
APP-01175,CO-01175,203864.24,2913.28,0.1013,60.0,0.0223,0.0,0.0688,539529.79
APP-01176,CO-01176,-76224.2,7082.39,-0.1723,13.2,0.3418,0.0,0.6952,93385.8
APP-01177,CO-01177,-106837.74,9734.24,-0.1045,19.3,0.2043,0.0,0.5762,187691.52
APP-01178,CO-01178,414669.61,4771.66,0.1631,60.0,0.029,0.0,0.0233,289340.11
APP-01179,CO-01179,-571590.15,51192.92,-0.1809,15.3,0.3494,0.0,0.7663,782255.56
APP-01180,CO-01180,81380.97,4957.67,0.0245,58.2,0.023,0.0,0.1649,288288.73
APP-01181,CO-01181,-1761.14,565.21,-0.003,60.0,0.0166,0.0,0.2851,38335.7
APP-01182,CO-01182,-297935.72,28648.59,-0.0578,18.2,0.1176,0.0,0.4106,521415.22
APP-01183,CO-01183,-55305.29,6203.07,-0.0562,28.1,0.1281,0.0,0.4782,174093.37
APP-01184,CO-01184,-367525.83,34532.75,-0.0891,5.7,0.1781,0.525,0.5527,197915.22
APP-01185,CO-01185,187421.5,4046.24,0.0864,37.5,0.0288,0.0,0.0886,151567.8
APP-01186,CO-01186,74200.4,828.06,0.1341,60.0,0.0231,0.0,0.062,83951.69
APP-01187,CO-01187,321420.89,2392.44,0.2012,60.0,0.0231,0.0,0.0131,337428.54
APP-01188,CO-01188,-149468.55,15609.66,-0.0473,2.0,0.1023,0.8333,0.4534,31577.29
APP-01189,CO-01189,173482.1,7737.9,0.0429,60.0,0.0295,0.0,0.1417,808081.53
APP-01190,CO-01190,-34995.6,6696.78,-0.0184,35.7,0.0644,0.0,0.3149,238833.44
APP-01191,CO-01191,-755847.9,70942.71,-0.0746,12.0,0.149,0.0,0.4817,852279.22
APP-01192,CO-01192,-1141889.54,102562.15,-0.1903,1.8,0.3683,0.85,0.731,185044.62
APP-01193,CO-01193,-80403.24,9955.95,-0.0474,48.8,0.1167,0.0,0.4265,486177.16
APP-01194,CO-01194,-198776.2,18933.5,-0.0428,40.7,0.0865,0.0,0.4332,771083.94
APP-01195,CO-01195,-2879785.29,252925.33,-0.19,1.2,0.362,0.9,0.713,305737.09
APP-01196,CO-01196,-2152540.98,210562.55,-0.1383,8.3,0.2848,0.3083,0.6194,1747392.53
APP-01197,CO-01197,-52094.05,5099.78,-0.0812,2.3,0.1672,0.8083,0.4998,11510.35
APP-01198,CO-01198,-77471.87,8189.87,-0.0893,12.4,0.1948,0.0,0.5944,101877.17
APP-01199,CO-01199,1385793.17,9660.4,0.1433,60.0,0.0154,0.0,0.0542,2103091.89
APP-01200,CO-01200,-40888.67,4362.91,-0.0538,4.1,0.1181,0.6583,0.4236,18037.74
