application_id,late_payment_ratio,suspicious_transfer_ratio,existing_debt,num_recent_loans
APP-00001,0.14,0.016,1281367.46,3
APP-00002,0.335,0.006,209050.47,0
APP-00003,0.016,0.018,3079586.52,2
APP-00004,0.256,0.115,2622561.86,1
APP-00005,0.016,0.155,70204.17,5
APP-00006,0.088,0.175,292541.69,1
APP-00007,0.031,0.105,2108065.19,0
APP-00008,0.124,0.081,1208958.98,1
APP-00009,0.096,0.156,1042721.17,3
APP-00010,0.026,0.042,269196.23,0
APP-00011,0.17,0.188,988876.24,1
APP-00012,0.035,0.048,3991735.1,0
APP-00013,0.206,0.128,1592853.29,2
APP-00014,0.061,0.08,3734918.74,0
APP-00015,0.181,0.048,2930319.61,1
APP-00016,0.019,0.032,123573.76,0
APP-00017,0.109,0.067,2074427.12,1
APP-00018,0.065,0.083,186088.26,1
APP-00019,0.079,0.045,696995.64,1
APP-00020,0.155,0.02,944344.26,1
APP-00021,0.036,0.042,692648.65,1
APP-00022,0.006,0.018,992978.7,0
APP-00023,0.004,0.078,2390861.62,1
APP-00024,0.089,0.066,1460458.0,0
APP-00025,0.225,0.0,1022916.36,0
APP-00026,0.201,0.122,987966.98,3
APP-00027,0.281,0.048,3268653.01,2
APP-00028,0.092,0.07,1261203.24,2
APP-00029,0.36,0.009,1266071.5,1
APP-00030,0.332,0.187,572052.78,0
APP-00031,0.324,0.022,5157455.39,1
APP-00032,0.058,0.012,1223317.54,0
APP-00033,0.298,0.184,605482.18,3
APP-00034,0.156,0.026,327719.98,3
APP-00035,0.082,0.01,896555.43,1
APP-00036,0.302,0.037,3191822.98,3
APP-00037,0.036,0.07,1342308.88,1
APP-00038,0.034,0.074,271104.07,3
APP-00039,0.191,0.076,696267.13,1
APP-00040,0.039,0.046,2543945.21,3
APP-00041,0.098,0.079,3467037.68,2
APP-00042,0.083,0.021,955657.59,3
APP-00043,0.198,0.14,683530.69,0
APP-00044,0.346,0.18,450446.93,1
APP-00045,0.184,0.06,882388.94,2
APP-00046,0.099,0.126,1891551.36,3
APP-00047,0.096,0.072,3181762.98,1
APP-00048,0.105,0.062,533574.5,0
APP-00049,0.125,0.135,3535399.32,2
APP-00050,0.023,0.007,163215.09,0
APP-00051,0.078,0.2,1678162.94,1
APP-00052,0.052,0.072,3851715.83,2
APP-00053,0.075,0.012,262470.64,1
APP-00054,0.165,0.015,1217072.27,2
APP-00055,0.155,0.046,785175.01,1
APP-00056,0.319,0.04,865561.41,0
APP-00057,0.206,0.132,1047953.77,1
APP-00058,0.007,0.085,6475834.66,1
APP-00059,0.163,0.063,213750.81,1
APP-00060,0.281,0.011,4096477.28,1
APP-00061,0.197,0.006,98246.45,3
APP-00062,0.198,0.03,1461081.73,1
APP-00063,0.206,0.022,597825.55,3
APP-00064,0.239,0.018,945613.98,1
APP-00065,0.152,0.074,3652875.9,0
APP-00066,0.154,0.043,1191626.08,1
APP-00067,0.239,0.206,549870.18,0
APP-00068,0.08,0.001,944820.34,3
APP-00069,0.065,0.001,866326.07,1
APP-00070,0.124,0.008,303922.41,1
APP-00071,0.102,0.014,289005.5,3
APP-00072,0.262,0.199,174011.92,1
APP-00073,0.377,0.081,208967.32,1
APP-00074,0.051,0.045,103005.67,0
APP-00075,0.008,0.06,921028.92,3
APP-00076,0.057,0.119,1381094.55,1
APP-00077,0.055,0.05,70003.47,0
APP-00078,0.359,0.128,1534863.11,1
APP-00079,0.28,0.047,2469195.29,1
APP-00080,0.044,0.057,138058.8,0
APP-00081,0.285,0.103,1089372.08,1
APP-00082,0.076,0.047,940156.45,2
APP-00083,0.061,0.002,855680.14,1
APP-00084,0.061,0.033,603066.06,1
APP-00085,0.263,0.017,299926.23,4
APP-00086,0.097,0.02,762068.87,5
APP-00087,0.114,0.028,1062111.71,3
APP-00088,0.233,0.049,1930443.0,1
APP-00089,0.043,0.104,3072294.59,2
APP-00090,0.057,0.012,781723.81,1
APP-00091,0.023,0.066,1317087.9,2
APP-00092,0.059,0.067,336347.16,1
APP-00093,0.114,0.053,438686.8,2
APP-00094,0.088,0.004,666723.15,2
APP-00095,0.315,0.011,246811.69,2
APP-00096,0.158,0.042,101228.81,1
APP-00097,0.012,0.351,510841.03,1
APP-00098,0.041,0.086,93673.88,1
APP-00099,0.229,0.225,86271.3,2
APP-00100,0.116,0.074,722212.87,1
APP-00101,0.236,0.002,1012631.17,3
APP-00102,0.111,0.024,2815893.04,1
APP-00103,0.158,0.023,880537.08,1
APP-00104,0.059,0.043,1044083.2,5
APP-00105,0.163,0.097,152135.64,3
APP-00106,0.012,0.03,817531.42,4
APP-00107,0.295,0.03,295303.69,1
APP-00108,0.172,0.181,924487.84,2
APP-00109,0.15,0.124,1131642.55,1
APP-00110,0.045,0.081,247940.6,2
APP-00111,0.165,0.059,2480724.61,2
APP-00112,0.104,0.024,486311.22,0
APP-00113,0.059,0.235,73533.07,3
APP-00114,0.152,0.043,221286.91,2
APP-00115,0.036,0.078,1742465.15,0
APP-00116,0.087,0.048,806826.55,2
APP-00117,0.011,0.075,1860386.32,3
APP-00118,0.28,0.057,883876.22,1
APP-00119,0.122,0.115,2593166.38,2
APP-00120,0.095,0.051,887523.46,1
APP-00121,0.171,0.026,165403.11,0
APP-00122,0.239,0.152,1823005.48,1
APP-00123,0.054,0.102,554780.49,0
APP-00124,0.219,0.101,2481379.87,3
APP-00125,0.045,0.018,2480514.47,2
APP-00126,0.183,0.007,1479848.51,0
APP-00127,0.021,0.093,5479296.04,0
APP-00128,0.254,0.031,284888.23,1
APP-00129,0.046,0.085,1011396.88,2
APP-00130,0.213,0.224,695024.85,1
APP-00131,0.071,0.04,1242885.61,0
APP-00132,0.366,0.028,334881.24,3
APP-00133,0.039,0.043,2525041.15,0
APP-00134,0.057,0.198,1029195.6,1
APP-00135,0.078,0.075,213675.63,2
APP-00136,0.036,0.001,253623.52,3
APP-00137,0.205,0.016,1710645.96,0
APP-00138,0.054,0.038,221624.47,0
APP-00139,0.223,0.145,434687.61,1
APP-00140,0.119,0.04,32790213.27,0
APP-00141,0.09,0.084,209515.44,1
APP-00142,0.466,0.083,413869.15,0
APP-00143,0.023,0.016,153829.69,2
APP-00144,0.266,0.009,585102.3,1
APP-00145,0.067,0.044,829101.59,3
APP-00146,0.064,0.006,284651.21,2
APP-00147,0.23,0.03,1001129.09,0
APP-00148,0.034,0.046,1388763.25,2
APP-00149,0.106,0.002,1551831.09,2
APP-00150,0.051,0.118,410719.94,1
APP-00151,0.276,0.008,587311.07,3
APP-00152,0.074,0.144,303452.02,2
APP-00153,0.044,0.279,102060.95,2
APP-00154,0.145,0.023,1278647.06,2
APP-00155,0.071,0.022,485033.17,4
APP-00156,0.258,0.018,10174091.65,2
APP-00157,0.045,0.11,419308.09,0
APP-00158,0.004,0.101,5454313.33,2
APP-00159,0.169,0.026,305554.52,2
APP-00160,0.081,0.17,276160.56,4
APP-00161,0.357,0.038,450316.11,1
APP-00162,0.056,0.022,139916.73,2
APP-00163,0.065,0.08,14354156.98,1
APP-00164,0.253,0.024,265479.14,1
APP-00165,0.101,0.005,2690287.99,1
APP-00166,0.14,0.006,471832.72,1
APP-00167,0.184,0.01,3228833.23,2
APP-00168,0.063,0.325,230571.95,2
APP-00169,0.221,0.037,331278.06,1
APP-00170,0.065,0.199,357447.56,3
APP-00171,0.131,0.05,342580.01,0
APP-00172,0.211,0.119,529801.74,1
APP-00173,0.119,0.01,1219814.33,3
APP-00174,0.142,0.009,319759.63,2
APP-00175,0.184,0.084,366264.71,0
APP-00176,0.153,0.055,917842.55,0
APP-00177,0.084,0.046,2943248.88,2
APP-00178,0.195,0.034,1254765.23,0
APP-00179,0.13,0.102,571622.78,1
APP-00180,0.122,0.019,990348.28,2
APP-00181,0.213,0.057,3567671.0,0
APP-00182,0.238,0.049,1338032.23,1
APP-00183,0.119,0.002,1359061.03,0
APP-00184,0.063,0.193,1508337.36,2
APP-00185,0.103,0.228,1594106.72,1
APP-00186,0.239,0.028,1618796.72,2
APP-00187,0.196,0.267,909335.81,1
APP-00188,0.295,0.057,442525.79,2
APP-00189,0.38,0.1,101667.58,1
APP-00190,0.154,0.135,6403027.33,1
APP-00191,0.154,0.158,5005409.48,0
APP-00192,0.112,0.13,124464.63,2
APP-00193,0.38,0.163,1326107.88,1
APP-00194,0.527,0.02,3823641.44,1
APP-00195,0.138,0.062,542534.53,0
APP-00196,0.079,0.312,364671.52,3
APP-00197,0.03,0.159,3718205.97,3
APP-00198,0.197,0.363,428477.81,2
APP-00199,0.123,0.002,879393.97,2
APP-00200,0.236,0.038,1350518.03,6
APP-00201,0.107,0.023,1043007.52,1
APP-00202,0.11,0.166,3212746.84,0
APP-00203,0.225,0.059,2267550.85,3
APP-00204,0.217,0.066,2239275.35,4
APP-00205,0.159,0.072,186467.78,1
APP-00206,0.339,0.116,1290698.32,0
APP-00207,0.149,0.019,744902.59,1
APP-00208,0.126,0.026,532085.98,0
APP-00209,0.025,0.078,495204.33,1
APP-00210,0.171,0.106,461153.97,1
APP-00211,0.109,0.033,225638.22,1
APP-00212,0.047,0.292,343979.11,0
APP-00213,0.257,0.045,1779736.3,0
APP-00214,0.218,0.042,592780.41,1
APP-00215,0.431,0.011,273452.76,1
APP-00216,0.336,0.063,1719720.71,1
APP-00217,0.007,0.077,1855160.83,2
APP-00218,0.163,0.032,6661756.11,1
APP-00219,0.314,0.087,337458.27,1
APP-00220,0.121,0.027,643859.91,1
APP-00221,0.127,0.057,1262387.89,3
APP-00222,0.147,0.177,2486910.62,2
APP-00223,0.013,0.041,336049.89,3
APP-00224,0.178,0.101,653130.22,0
APP-00225,0.053,0.08,1389795.05,2
APP-00226,0.016,0.009,2018091.98,0
APP-00227,0.027,0.007,1901899.54,1
APP-00228,0.115,0.046,7024808.54,1
APP-00229,0.164,0.082,559242.85,0
APP-00230,0.026,0.346,501991.23,0
APP-00231,0.12,0.076,213729.73,0
APP-00232,0.224,0.062,650003.8,2
APP-00233,0.027,0.081,1603984.35,3
APP-00234,0.191,0.049,431261.24,2
APP-00235,0.143,0.083,453141.78,2
APP-00236,0.102,0.084,249319.1,1
APP-00237,0.076,0.02,223317.24,1
APP-00238,0.076,0.028,1728642.4,3
APP-00239,0.251,0.059,226200.03,2
APP-00240,0.168,0.052,236066.17,1
APP-00241,0.361,0.081,204362.31,1
APP-00242,0.164,0.266,925911.31,2
APP-00243,0.026,0.081,314864.7,3
APP-00244,0.281,0.123,245099.08,1
APP-00245,0.163,0.078,1317693.87,3
APP-00246,0.345,0.178,34527.6,1
APP-00247,0.144,0.262,169384.22,0
APP-00248,0.361,0.047,11055962.97,3
APP-00249,0.066,0.091,23935279.2,1
APP-00250,0.075,0.003,369092.02,2
APP-00251,0.167,0.042,480108.16,2
APP-00252,0.078,0.179,2726885.99,2
APP-00253,0.267,0.108,4048848.47,2
APP-00254,0.043,0.074,650575.5,0
APP-00255,0.035,0.072,1462926.53,2
APP-00256,0.087,0.122,2238359.8,4
APP-00257,0.088,0.053,2882683.69,1
APP-00258,0.121,0.019,417335.9,1
APP-00259,0.263,0.0,1212086.56,0
APP-00260,0.284,0.008,56411.07,1
APP-00261,0.264,0.021,795674.7,0
APP-00262,0.446,0.028,372901.13,1
APP-00263,0.233,0.008,216610.02,3
APP-00264,0.099,0.106,29507.97,1
APP-00265,0.095,0.128,1130754.03,1
APP-00266,0.061,0.024,3428199.23,2
APP-00267,0.108,0.038,1134911.98,1
APP-00268,0.107,0.043,936526.21,0
APP-00269,0.04,0.145,2176459.49,0
APP-00270,0.184,0.018,1958646.99,0
APP-00271,0.176,0.151,145746.99,0
APP-00272,0.09,0.17,1221041.89,2
APP-00273,0.081,0.059,1239465.55,1
APP-00274,0.185,0.076,12478965.42,1
APP-00275,0.016,0.004,3812205.99,2
APP-00276,0.438,0.041,2301411.48,3
APP-00277,0.193,0.082,138394.05,0
APP-00278,0.05,0.142,236719.47,3
APP-00279,0.037,0.175,4948908.18,3
APP-00280,0.082,0.005,1715234.45,1
APP-00281,0.115,0.029,2828494.66,3
APP-00282,0.13,0.008,24340.84,1
APP-00283,0.082,0.007,1009233.81,1
APP-00284,0.03,0.043,224715.18,2
APP-00285,0.19,0.032,143406.74,1
APP-00286,0.29,0.061,32796.13,2
APP-00287,0.158,0.043,1394646.82,3
APP-00288,0.289,0.097,1180833.81,2
APP-00289,0.048,0.127,1033755.36,3
APP-00290,0.007,0.043,746811.07,1
APP-00291,0.255,0.022,39145.03,2
APP-00292,0.399,0.043,1650714.48,3
APP-00293,0.034,0.09,672809.59,3
APP-00294,0.291,0.106,138915.65,1
APP-00295,0.095,0.179,71013.75,0
APP-00296,0.013,0.032,1342037.0,1
APP-00297,0.049,0.328,2510886.28,1
APP-00298,0.073,0.004,834535.26,0
APP-00299,0.104,0.01,221582.1,4
APP-00300,0.076,0.174,1989097.78,2
APP-00301,0.015,0.019,1649927.16,3
APP-00302,0.249,0.116,306135.61,1
APP-00303,0.075,0.044,4359908.49,2
APP-00304,0.067,0.186,1460984.58,0
APP-00305,0.067,0.332,890407.72,6
APP-00306,0.021,0.057,260260.1,1
APP-00307,0.287,0.022,1130128.77,0
APP-00308,0.031,0.052,4220422.55,1
APP-00309,0.104,0.004,1017500.74,4
APP-00310,0.238,0.117,2231325.85,0
APP-00311,0.032,0.012,1268319.89,1
APP-00312,0.125,0.016,1519614.88,1
APP-00313,0.154,0.061,2233708.68,0
APP-00314,0.115,0.026,130313.14,0
APP-00315,0.109,0.025,343254.61,1
APP-00316,0.048,0.021,1441258.23,1
APP-00317,0.089,0.003,205760.35,1
APP-00318,0.119,0.043,96068.53,0
APP-00319,0.126,0.004,2591392.23,3
APP-00320,0.099,0.163,167232.62,1
APP-00321,0.113,0.222,4385668.9,1
APP-00322,0.057,0.04,1570465.61,0
APP-00323,0.143,0.11,2802279.99,1
APP-00324,0.092,0.018,2030473.59,0
APP-00325,0.446,0.053,4991746.38,0
APP-00326,0.033,0.063,251264.87,2
APP-00327,0.176,0.014,133005.78,3
APP-00328,0.18,0.051,274793.55,3
APP-00329,0.01,0.068,78193.79,0
APP-00330,0.121,0.042,706794.28,0
APP-00331,0.238,0.011,1110858.42,0
APP-00332,0.142,0.023,479742.6,0
APP-00333,0.289,0.005,508582.0,1
APP-00334,0.214,0.088,342964.99,2
APP-00335,0.101,0.042,335119.16,2
APP-00336,0.091,0.067,15669.24,5
APP-00337,0.064,0.016,223406.75,3
APP-00338,0.092,0.085,716623.29,3
APP-00339,0.048,0.058,5317037.93,1
APP-00340,0.025,0.12,3509761.78,3
APP-00341,0.138,0.025,88099.43,1
APP-00342,0.057,0.006,1178471.0,2
APP-00343,0.335,0.086,1607512.41,2
APP-00344,0.108,0.005,1998913.51,3
APP-00345,0.047,0.095,2109661.0,2
APP-00346,0.29,0.115,33448.25,1
APP-00347,0.136,0.144,518075.5,2
APP-00348,0.153,0.067,2157518.98,2
APP-00349,0.044,0.027,67143.25,5
APP-00350,0.029,0.131,2806625.61,2
APP-00351,0.117,0.044,964496.08,1
APP-00352,0.112,0.062,1343798.14,2
APP-00353,0.029,0.07,555279.87,0
APP-00354,0.193,0.038,3101857.33,2
APP-00355,0.159,0.01,3149361.64,2
APP-00356,0.327,0.068,573522.89,3
APP-00357,0.226,0.098,320595.07,2
APP-00358,0.164,0.027,2252226.77,0
APP-00359,0.086,0.129,430436.75,1
APP-00360,0.139,0.039,147078.5,4
APP-00361,0.398,0.053,489239.6,2
APP-00362,0.017,0.016,2468458.9,1
APP-00363,0.388,0.052,4282626.39,0
APP-00364,0.077,0.18,634474.72,0
APP-00365,0.079,0.011,1121483.85,0
APP-00366,0.24,0.003,3984331.43,2
APP-00367,0.366,0.131,434170.38,3
APP-00368,0.337,0.09,192993.17,5
APP-00369,0.394,0.119,1677292.33,3
APP-00370,0.015,0.007,2875928.59,0
APP-00371,0.191,0.066,363553.93,1
APP-00372,0.155,0.126,6982814.41,1
APP-00373,0.205,0.005,1872054.41,1
APP-00374,0.107,0.174,336921.99,2
APP-00375,0.211,0.067,1239190.26,0
APP-00376,0.058,0.027,18626164.82,3
APP-00377,0.185,0.043,1557752.54,1
APP-00378,0.251,0.05,140686.38,2
APP-00379,0.048,0.011,9912229.78,2
APP-00380,0.14,0.005,1156314.76,1
APP-00381,0.38,0.041,1922128.15,0
APP-00382,0.075,0.007,6652656.79,0
APP-00383,0.304,0.042,165594.2,1
APP-00384,0.059,0.065,453486.29,4
APP-00385,0.198,0.025,246076.53,0
APP-00386,0.157,0.058,682688.46,2
APP-00387,0.17,0.127,630380.66,1
APP-00388,0.125,0.05,2591619.02,1
APP-00389,0.386,0.085,2630224.48,1
APP-00390,0.1,0.222,160841.1,1
APP-00391,0.283,0.193,203814.05,0
APP-00392,0.066,0.111,860436.93,2
APP-00393,0.146,0.041,281277.16,2
APP-00394,0.088,0.224,431638.28,0
APP-00395,0.229,0.044,3316070.29,1
APP-00396,0.199,0.036,1348626.49,2
APP-00397,0.339,0.039,1432253.89,3
APP-00398,0.053,0.068,1614498.56,0
APP-00399,0.096,0.034,1224353.65,1
APP-00400,0.062,0.02,473279.88,2
APP-00401,0.018,0.101,1505614.09,1
APP-00402,0.032,0.038,1711132.58,4
APP-00403,0.138,0.038,3629092.48,3
APP-00404,0.069,0.006,831643.83,0
APP-00405,0.161,0.058,3476085.8,1
APP-00406,0.095,0.395,410720.29,4
APP-00407,0.056,0.02,514211.24,1
APP-00408,0.148,0.093,532828.84,1
APP-00409,0.073,0.013,159834.81,1
APP-00410,0.056,0.126,353844.73,1
APP-00411,0.025,0.023,345994.69,1
APP-00412,0.068,0.042,70520.4,2
APP-00413,0.163,0.119,34917.76,0
APP-00414,0.138,0.11,2818766.3,3
APP-00415,0.149,0.058,1563667.81,3
APP-00416,0.263,0.037,784953.3,1
APP-00417,0.014,0.142,1244251.51,1
APP-00418,0.087,0.113,2331427.63,4
APP-00419,0.048,0.029,849937.08,2
APP-00420,0.058,0.001,2149183.78,2
APP-00421,0.008,0.007,823358.93,1
APP-00422,0.057,0.075,581914.82,1
APP-00423,0.122,0.142,412240.92,1
APP-00424,0.145,0.118,193605.16,0
APP-00425,0.204,0.184,51594.63,3
APP-00426,0.065,0.094,1338352.15,2
APP-00427,0.247,0.134,1949914.65,3
APP-00428,0.347,0.069,3982312.93,5
APP-00429,0.356,0.092,55244.67,1
APP-00430,0.313,0.149,1979168.7,0
APP-00431,0.12,0.06,637360.63,2
APP-00432,0.097,0.237,205267.99,3
APP-00433,0.032,0.201,298119.6,0
APP-00434,0.185,0.135,54836.33,1
APP-00435,0.135,0.004,3216386.66,2
APP-00436,0.263,0.112,1049117.06,2
APP-00437,0.066,0.047,548762.06,0
APP-00438,0.153,0.103,255422.14,3
APP-00439,0.109,0.008,834058.34,2
APP-00440,0.089,0.01,2388627.96,0
APP-00441,0.398,0.091,452431.66,1
APP-00442,0.032,0.001,516155.73,1
APP-00443,0.098,0.047,1110103.66,2
APP-00444,0.096,0.081,6084936.36,2
APP-00445,0.141,0.08,1036501.95,1
APP-00446,0.034,0.068,319870.99,3
APP-00447,0.221,0.052,5041584.32,1
APP-00448,0.099,0.066,436878.43,3
APP-00449,0.239,0.004,2243770.17,0
APP-00450,0.029,0.024,190900.32,0
APP-00451,0.004,0.021,1591265.41,3
APP-00452,0.103,0.065,1744392.09,2
APP-00453,0.157,0.13,4582903.79,2
APP-00454,0.036,0.095,1478672.88,0
APP-00455,0.205,0.174,1627124.85,0
APP-00456,0.194,0.105,1842383.25,0
APP-00457,0.054,0.217,4111274.59,1
APP-00458,0.073,0.044,197083.99,1
APP-00459,0.035,0.066,2657756.64,0
APP-00460,0.189,0.011,1538378.94,1
APP-00461,0.021,0.066,1894733.42,2
APP-00462,0.037,0.016,595544.83,0
APP-00463,0.238,0.049,384936.2,2
APP-00464,0.196,0.169,243520.21,2
APP-00465,0.058,0.078,411428.42,2
APP-00466,0.127,0.025,564455.39,5
APP-00467,0.088,0.14,585573.67,3
APP-00468,0.029,0.075,11887551.73,3
APP-00469,0.276,0.119,4102566.43,3
APP-00470,0.001,0.042,76909.99,3
APP-00471,0.218,0.178,472297.97,1
APP-00472,0.183,0.003,1250190.02,1
APP-00473,0.033,0.188,1389359.47,4
APP-00474,0.085,0.255,2387436.85,1
APP-00475,0.033,0.02,1700888.56,2
APP-00476,0.158,0.009,1169352.85,3
APP-00477,0.477,0.067,5017511.68,0
APP-00478,0.045,0.006,219348.88,0
APP-00479,0.311,0.03,342171.33,3
APP-00480,0.091,0.041,27881254.84,1
APP-00481,0.099,0.041,131753.35,1
APP-00482,0.087,0.051,5286872.32,1
APP-00483,0.169,0.097,1500084.95,3
APP-00484,0.051,0.035,2561816.56,3
APP-00485,0.099,0.104,533593.08,2
APP-00486,0.104,0.061,1277066.71,1
APP-00487,0.168,0.078,222362.19,1
APP-00488,0.121,0.012,2665363.75,1
APP-00489,0.149,0.091,209266.59,1
APP-00490,0.34,0.107,2847702.9,1
APP-00491,0.016,0.02,4855887.83,0
APP-00492,0.233,0.0,618751.42,3
APP-00493,0.405,0.022,397182.3,0
APP-00494,0.378,0.036,2568961.88,0
APP-00495,0.17,0.058,160899.02,3
APP-00496,0.289,0.022,1102469.15,2
APP-00497,0.312,0.173,155727.12,1
APP-00498,0.121,0.213,1386513.91,2
APP-00499,0.218,0.104,162381.91,3
APP-00500,0.052,0.106,186983.61,0
APP-00501,0.134,0.045,7969777.46,2
APP-00502,0.022,0.034,2420427.1,1
APP-00503,0.212,0.032,451811.04,1
APP-00504,0.036,0.039,196467.82,1
APP-00505,0.078,0.022,35078.51,1
APP-00506,0.3,0.121,410889.68,0
APP-00507,0.015,0.074,16263395.01,0
APP-00508,0.221,0.007,196256.39,3
APP-00509,0.117,0.012,819063.35,1
APP-00510,0.11,0.094,722609.43,1
APP-00511,0.069,0.016,173574.58,4
APP-00512,0.305,0.004,254378.5,0
APP-00513,0.133,0.045,1292679.2,0
APP-00514,0.257,0.02,1403931.44,3
APP-00515,0.024,0.134,1690436.38,3
APP-00516,0.002,0.01,531922.52,0
APP-00517,0.233,0.029,986060.49,0
APP-00518,0.126,0.022,859622.93,2
APP-00519,0.026,0.013,1446198.92,1
APP-00520,0.16,0.023,8272699.18,1
APP-00521,0.298,0.013,272435.16,0
APP-00522,0.102,0.017,176348.65,2
APP-00523,0.229,0.241,5803367.44,0
APP-00524,0.245,0.008,824752.23,1
APP-00525,0.071,0.054,437870.08,0
APP-00526,0.267,0.096,1284868.76,0
APP-00527,0.109,0.094,1477923.52,3
APP-00528,0.252,0.006,871396.27,3
APP-00529,0.39,0.052,1071955.04,1
APP-00530,0.047,0.007,4978478.95,2
APP-00531,0.092,0.33,1145285.51,3
APP-00532,0.389,0.118,21943.15,2
APP-00533,0.108,0.04,1241399.38,3
APP-00534,0.149,0.075,2138338.39,2
APP-00535,0.13,0.007,413920.6,0
APP-00536,0.05,0.109,3234000.19,0
APP-00537,0.28,0.029,1128808.83,1
APP-00538,0.167,0.031,3997740.32,1
APP-00539,0.133,0.016,70436.02,1
APP-00540,0.032,0.298,431014.22,4
APP-00541,0.053,0.07,256431.94,0
APP-00542,0.101,0.105,399997.39,0
APP-00543,0.282,0.015,1966255.89,1
APP-00544,0.343,0.047,193098.89,1
APP-00545,0.088,0.039,1346860.11,4
APP-00546,0.017,0.03,392255.75,0
APP-00547,0.173,0.129,2411259.24,2
APP-00548,0.104,0.091,131607.17,2
APP-00549,0.217,0.07,622570.93,1
APP-00550,0.267,0.013,3294719.2,4
APP-00551,0.047,0.232,2516451.92,0
APP-00552,0.022,0.017,2703003.88,2
APP-00553,0.202,0.012,2691797.74,0
APP-00554,0.171,0.106,4554631.79,2
APP-00555,0.097,0.061,1584282.56,0
APP-00556,0.016,0.079,559966.21,0
APP-00557,0.082,0.14,536125.83,2
APP-00558,0.064,0.038,339071.51,2
APP-00559,0.055,0.083,16060.47,1
APP-00560,0.057,0.045,499350.22,1
APP-00561,0.157,0.012,1460222.33,2
APP-00562,0.017,0.016,558147.46,3
APP-00563,0.142,0.071,2044369.87,1
APP-00564,0.031,0.032,523092.99,0
APP-00565,0.091,0.065,1001422.54,0
APP-00566,0.238,0.111,2849219.34,0
APP-00567,0.083,0.034,370765.72,3
APP-00568,0.081,0.187,90207.21,2
APP-00569,0.079,0.008,2492704.59,2
APP-00570,0.173,0.002,325125.16,2
APP-00571,0.04,0.038,61169.82,2
APP-00572,0.129,0.029,1449772.04,4
APP-00573,0.059,0.118,203152.21,1
APP-00574,0.041,0.143,688960.61,3
APP-00575,0.018,0.136,2014651.63,2
APP-00576,0.083,0.126,77495.93,0
APP-00577,0.024,0.034,4185840.92,1
APP-00578,0.052,0.044,838539.58,0
APP-00579,0.015,0.115,1035485.71,0
APP-00580,0.146,0.12,247487.41,1
APP-00581,0.118,0.023,176822.49,2
APP-00582,0.103,0.075,146983.98,0
APP-00583,0.09,0.096,1070077.39,0
APP-00584,0.329,0.017,104487.29,1
APP-00585,0.041,0.06,962153.16,2
APP-00586,0.189,0.049,7095086.9,1
APP-00587,0.175,0.159,373603.66,2
APP-00588,0.244,0.031,899981.83,3
APP-00589,0.225,0.025,122321.87,1
APP-00590,0.034,0.125,222706.0,0
APP-00591,0.062,0.091,223206.07,0
APP-00592,0.046,0.14,1013422.04,2
APP-00593,0.145,0.168,11401851.68,0
APP-00594,0.115,0.194,364938.98,2
APP-00595,0.031,0.134,510554.66,4
APP-00596,0.029,0.098,219717.23,0
APP-00597,0.062,0.045,525040.99,1
APP-00598,0.039,0.273,3524577.63,1
APP-00599,0.527,0.088,867025.2,5
APP-00600,0.197,0.007,236512.45,1
APP-00601,0.198,0.006,882534.73,2
APP-00602,0.142,0.112,394534.19,0
APP-00603,0.009,0.105,6428421.85,1
APP-00604,0.018,0.009,295948.74,1
APP-00605,0.225,0.009,1062932.47,2
APP-00606,0.111,0.181,1147507.02,0
APP-00607,0.206,0.004,196812.52,3
APP-00608,0.24,0.059,881733.56,5
APP-00609,0.112,0.119,72784.98,2
APP-00610,0.167,0.033,1843974.75,6
APP-00611,0.058,0.062,97232.18,0
APP-00612,0.205,0.102,1669696.98,2
APP-00613,0.147,0.002,439912.58,2
APP-00614,0.17,0.073,1222858.73,2
APP-00615,0.099,0.022,172834.4,3
APP-00616,0.045,0.027,238215.55,1
APP-00617,0.43,0.023,3359836.23,0
APP-00618,0.151,0.014,1590679.99,1
APP-00619,0.152,0.043,135268.98,2
APP-00620,0.06,0.023,4859529.42,4
APP-00621,0.128,0.23,642159.16,0
APP-00622,0.048,0.069,733628.03,0
APP-00623,0.072,0.093,351110.29,3
APP-00624,0.231,0.062,1099512.29,0
APP-00625,0.273,0.336,644864.46,2
APP-00626,0.372,0.031,256108.68,1
APP-00627,0.104,0.129,225608.56,0
APP-00628,0.008,0.081,4710542.97,1
APP-00629,0.118,0.049,334871.3,2
APP-00630,0.189,0.059,49476.02,1
APP-00631,0.139,0.161,4601626.51,0
APP-00632,0.083,0.064,18127723.36,3
APP-00633,0.139,0.144,412015.77,3
APP-00634,0.224,0.001,275200.07,1
APP-00635,0.024,0.008,489799.38,2
APP-00636,0.004,0.099,336261.05,3
APP-00637,0.038,0.05,1645060.62,2
APP-00638,0.055,0.004,556931.61,1
APP-00639,0.031,0.118,1326632.01,6
APP-00640,0.011,0.03,2971339.31,0
APP-00641,0.045,0.033,247070.57,3
APP-00642,0.085,0.077,1510051.33,1
APP-00643,0.154,0.001,13668293.35,1
APP-00644,0.101,0.089,1872491.32,1
APP-00645,0.138,0.008,464506.66,1
APP-00646,0.027,0.034,1110703.06,1
APP-00647,0.204,0.147,1473824.55,1
APP-00648,0.212,0.107,8144.22,2
APP-00649,0.303,0.037,2361955.58,1
APP-00650,0.098,0.072,787670.18,0
APP-00651,0.39,0.055,8017349.82,1
APP-00652,0.175,0.142,1063920.41,3
APP-00653,0.144,0.031,6180794.04,1
APP-00654,0.163,0.094,210555.28,0
APP-00655,0.155,0.163,3640916.27,3
APP-00656,0.299,0.051,1803949.99,0
APP-00657,0.11,0.054,591743.9,1
APP-00658,0.047,0.026,1159053.33,2
APP-00659,0.031,0.063,2119562.84,0
APP-00660,0.238,0.087,126567.96,1
APP-00661,0.218,0.032,139510.36,0
APP-00662,0.314,0.165,395683.6,2
APP-00663,0.046,0.117,565018.97,1
APP-00664,0.1,0.094,1303148.14,2
APP-00665,0.294,0.101,609035.99,0
APP-00666,0.174,0.001,131191.61,2
APP-00667,0.179,0.032,280243.34,4
APP-00668,0.418,0.041,563599.05,1
APP-00669,0.082,0.02,1149007.69,2
APP-00670,0.103,0.113,60420.72,4
APP-00671,0.234,0.11,548147.51,0
APP-00672,0.295,0.039,524984.6,1
APP-00673,0.058,0.088,952386.69,2
APP-00674,0.114,0.022,146702.05,1
APP-00675,0.101,0.235,3214266.18,0
APP-00676,0.031,0.156,513474.64,3
APP-00677,0.126,0.037,4759884.38,0
APP-00678,0.118,0.024,2794275.08,0
APP-00679,0.158,0.099,509129.55,0
APP-00680,0.077,0.047,69425.13,3
APP-00681,0.043,0.012,2410949.86,1
APP-00682,0.011,0.034,3366818.92,2
APP-00683,0.107,0.01,2475996.27,1
APP-00684,0.01,0.075,181093.41,3
APP-00685,0.641,0.005,1323448.09,1
APP-00686,0.242,0.171,881287.76,2
APP-00687,0.074,0.056,3919559.87,2
APP-00688,0.061,0.066,7054384.06,1
APP-00689,0.142,0.157,927023.5,1
APP-00690,0.035,0.096,541135.23,0
APP-00691,0.406,0.13,964864.56,2
APP-00692,0.1,0.004,1177006.42,0
APP-00693,0.145,0.065,3897973.56,2
APP-00694,0.097,0.233,208428.01,1
APP-00695,0.102,0.017,526165.7,0
APP-00696,0.112,0.011,294607.75,2
APP-00697,0.063,0.101,102309.16,1
APP-00698,0.151,0.035,493859.19,3
APP-00699,0.41,0.171,365797.78,2
APP-00700,0.128,0.015,1354381.88,2
APP-00701,0.266,0.009,3759195.68,1
APP-00702,0.022,0.15,49350.29,1
APP-00703,0.139,0.121,429879.56,2
APP-00704,0.148,0.069,1261133.36,2
APP-00705,0.33,0.195,5450848.47,1
APP-00706,0.114,0.111,334229.47,2
APP-00707,0.071,0.074,488597.62,1
APP-00708,0.099,0.045,1768800.45,1
APP-00709,0.228,0.048,903280.55,1
APP-00710,0.188,0.136,345812.41,1
APP-00711,0.243,0.173,1847019.44,3
APP-00712,0.035,0.163,3830792.27,1
APP-00713,0.049,0.026,412284.45,1
APP-00714,0.023,0.044,1163878.58,1
APP-00715,0.076,0.034,130510.5,2
APP-00716,0.02,0.02,374229.53,0
APP-00717,0.081,0.027,192317.51,2
APP-00718,0.102,0.128,2955621.12,0
APP-00719,0.073,0.05,98464.92,0
APP-00720,0.015,0.049,536977.29,2
APP-00721,0.102,0.152,570854.79,0
APP-00722,0.092,0.027,4238632.5,1
APP-00723,0.061,0.064,135104.08,1
APP-00724,0.102,0.033,113307.62,4
APP-00725,0.042,0.025,374093.47,0
APP-00726,0.193,0.033,7530353.68,2
APP-00727,0.134,0.017,1695286.44,1
APP-00728,0.475,0.011,396132.81,0
APP-00729,0.271,0.094,302637.18,4
APP-00730,0.068,0.024,221706.93,0
APP-00731,0.038,0.177,2114841.75,2
APP-00732,0.388,0.063,1374026.32,0
APP-00733,0.113,0.093,112547.19,2
APP-00734,0.15,0.016,1062838.39,4
APP-00735,0.258,0.064,2035655.91,3
APP-00736,0.303,0.07,1886292.84,1
APP-00737,0.105,0.234,356990.47,5
APP-00738,0.061,0.132,1485127.74,3
APP-00739,0.223,0.258,178594.41,3
APP-00740,0.014,0.038,43351.13,0
APP-00741,0.139,0.151,2454099.49,1
APP-00742,0.126,0.072,619126.7,1
APP-00743,0.258,0.09,98940.04,1
APP-00744,0.095,0.002,218998.52,0
APP-00745,0.183,0.094,639190.06,1
APP-00746,0.139,0.023,3788712.6,0
APP-00747,0.063,0.011,856177.4,1
APP-00748,0.061,0.012,1995149.25,1
APP-00749,0.186,0.013,580296.02,2
APP-00750,0.414,0.143,682821.27,1
APP-00751,0.095,0.235,1660343.53,2
APP-00752,0.038,0.066,599894.67,4
APP-00753,0.162,0.037,475748.89,2
APP-00754,0.054,0.058,3937672.63,1
APP-00755,0.153,0.02,7311463.66,1
APP-00756,0.12,0.066,652271.96,1
APP-00757,0.226,0.065,370110.5,1
APP-00758,0.051,0.182,978675.23,3
APP-00759,0.112,0.074,3495930.11,0
APP-00760,0.342,0.025,1479591.46,1
APP-00761,0.353,0.168,4353660.57,1
APP-00762,0.047,0.114,1469114.72,6
APP-00763,0.171,0.1,1325175.05,4
APP-00764,0.526,0.145,864686.76,6
APP-00765,0.33,0.013,2674504.22,1
APP-00766,0.188,0.08,281123.93,1
APP-00767,0.126,0.207,342906.39,1
APP-00768,0.13,0.044,897682.36,3
APP-00769,0.009,0.113,249369.24,0
APP-00770,0.034,0.037,404237.25,4
APP-00771,0.209,0.141,6314481.22,4
APP-00772,0.083,0.095,1202390.5,0
APP-00773,0.085,0.055,608776.67,1
APP-00774,0.051,0.026,5644186.73,2
APP-00775,0.029,0.004,574740.8,0
APP-00776,0.027,0.133,2279890.96,2
APP-00777,0.129,0.004,463399.69,1
APP-00778,0.162,0.09,2587879.21,3
APP-00779,0.036,0.03,1378285.04,1
APP-00780,0.193,0.045,493186.23,1
APP-00781,0.515,0.084,741928.38,0
APP-00782,0.168,0.037,1073799.05,2
APP-00783,0.231,0.001,6609179.22,0
APP-00784,0.123,0.061,4611211.3,1
APP-00785,0.159,0.093,384279.67,2
APP-00786,0.164,0.052,1566990.77,1
APP-00787,0.082,0.062,1652760.01,4
APP-00788,0.144,0.01,651404.7,5
APP-00789,0.11,0.089,613810.68,1
APP-00790,0.036,0.09,691274.55,2
APP-00791,0.286,0.003,188267.99,3
APP-00792,0.004,0.051,353451.58,0
APP-00793,0.088,0.04,1502095.58,1
APP-00794,0.097,0.044,110590.81,2
APP-00795,0.11,0.039,31182.08,1
APP-00796,0.017,0.073,390773.82,2
APP-00797,0.052,0.025,4362104.52,3
APP-00798,0.161,0.074,5369419.1,1
APP-00799,0.109,0.233,3223982.9,1
APP-00800,0.177,0.068,269232.86,2
APP-00801,0.477,0.023,486630.74,1
APP-00802,0.098,0.044,604773.06,1
APP-00803,0.08,0.065,2217620.35,2
APP-00804,0.121,0.092,930883.86,1
APP-00805,0.122,0.013,1073533.49,2
APP-00806,0.147,0.019,5645683.25,0
APP-00807,0.097,0.067,1563360.18,0
APP-00808,0.324,0.239,44174.15,3
APP-00809,0.105,0.051,1251829.82,1
APP-00810,0.432,0.247,300636.23,2
APP-00811,0.105,0.027,141175.17,2
APP-00812,0.052,0.019,891989.89,0
APP-00813,0.046,0.118,1463860.96,2
APP-00814,0.154,0.036,536853.76,2
APP-00815,0.062,0.063,1006308.23,2
APP-00816,0.188,0.083,2395253.07,2
APP-00817,0.042,0.068,107878.29,2
APP-00818,0.024,0.158,1658589.28,4
APP-00819,0.023,0.156,2125835.16,2
APP-00820,0.247,0.186,373016.13,2
APP-00821,0.025,0.017,1265134.39,1
APP-00822,0.22,0.152,6072393.12,1
APP-00823,0.133,0.023,80104.07,1
APP-00824,0.217,0.013,53946.77,0
APP-00825,0.28,0.068,268448.89,1
APP-00826,0.057,0.017,2136408.18,2
APP-00827,0.151,0.108,251900.03,4
APP-00828,0.159,0.275,220737.24,1
APP-00829,0.282,0.016,5386522.37,1
APP-00830,0.008,0.048,12082.99,1
APP-00831,0.042,0.078,272704.75,2
APP-00832,0.055,0.027,8840999.19,1
APP-00833,0.114,0.01,542302.45,3
APP-00834,0.344,0.185,1258795.68,1
APP-00835,0.207,0.131,645040.51,3
APP-00836,0.076,0.138,286671.18,1
APP-00837,0.158,0.103,1364431.24,2
APP-00838,0.172,0.037,2720143.97,2
APP-00839,0.127,0.002,3801276.31,2
APP-00840,0.2,0.034,1322289.72,2
APP-00841,0.088,0.161,9617882.93,4
APP-00842,0.253,0.042,1936807.36,1
APP-00843,0.027,0.053,2088193.09,0
APP-00844,0.096,0.024,1807731.96,2
APP-00845,0.322,0.018,1473529.59,1
APP-00846,0.287,0.246,2025189.47,1
APP-00847,0.203,0.049,45794719.83,4
APP-00848,0.2,0.025,1920419.38,1
APP-00849,0.278,0.172,744537.56,0
APP-00850,0.132,0.11,3554428.31,2
APP-00851,0.192,0.225,1148490.91,2
APP-00852,0.127,0.205,1146941.41,2
APP-00853,0.181,0.094,3546921.84,0
APP-00854,0.238,0.104,187404.21,1
APP-00855,0.29,0.269,551022.13,2
APP-00856,0.129,0.031,2015932.76,0
APP-00857,0.028,0.044,2825284.17,3
APP-00858,0.382,0.038,3082501.62,3
APP-00859,0.017,0.101,17126.65,0
APP-00860,0.253,0.037,1603255.13,4
APP-00861,0.085,0.094,596275.3,0
APP-00862,0.123,0.129,373044.14,0
APP-00863,0.082,0.092,206479.4,1
APP-00864,0.162,0.092,1398557.36,1
APP-00865,0.072,0.042,167429.6,3
APP-00866,0.058,0.215,2408027.9,1
APP-00867,0.182,0.077,139072.56,2
APP-00868,0.119,0.118,101291.97,0
APP-00869,0.061,0.078,115278.13,5
APP-00870,0.197,0.246,1813640.79,2
APP-00871,0.212,0.032,2063508.06,0
APP-00872,0.056,0.18,709092.69,2
APP-00873,0.105,0.143,2066587.18,1
APP-00874,0.189,0.02,943694.4,2
APP-00875,0.147,0.061,116735.87,2
APP-00876,0.062,0.012,183345.37,1
APP-00877,0.009,0.042,750959.32,0
APP-00878,0.12,0.087,1254450.43,2
APP-00879,0.06,0.033,1512076.85,1
APP-00880,0.163,0.089,1778245.06,2
APP-00881,0.151,0.024,674915.35,2
APP-00882,0.393,0.04,2883631.28,1
APP-00883,0.045,0.24,164328.57,2
APP-00884,0.141,0.02,37282.4,0
APP-00885,0.027,0.018,498060.79,2
APP-00886,0.039,0.207,1552039.55,2
APP-00887,0.445,0.111,5275511.52,3
APP-00888,0.241,0.011,144474.56,1
APP-00889,0.026,0.013,169840.94,3
APP-00890,0.168,0.007,376685.55,1
APP-00891,0.139,0.125,431009.28,1
APP-00892,0.214,0.039,1035532.01,2
APP-00893,0.123,0.109,359077.74,3
APP-00894,0.035,0.061,1607757.93,0
APP-00895,0.147,0.05,1343964.8,1
APP-00896,0.138,0.049,4866315.05,1
APP-00897,0.138,0.011,863738.89,2
APP-00898,0.087,0.084,416874.11,2
APP-00899,0.096,0.175,2768261.39,2
APP-00900,0.131,0.026,312514.15,3
APP-00901,0.058,0.072,463257.17,0
APP-00902,0.054,0.188,306385.22,0
APP-00903,0.104,0.192,1395263.33,3
APP-00904,0.04,0.049,6454249.02,3
APP-00905,0.067,0.007,591647.79,1
APP-00906,0.22,0.124,14854750.61,0
APP-00907,0.113,0.084,1107865.17,2
APP-00908,0.138,0.045,237353.63,2
APP-00909,0.48,0.062,951641.97,2
APP-00910,0.132,0.004,435380.72,2
APP-00911,0.088,0.122,751248.97,2
APP-00912,0.288,0.016,1775843.24,3
APP-00913,0.157,0.03,1883486.94,2
APP-00914,0.21,0.077,818682.85,1
APP-00915,0.09,0.244,3975611.5,2
APP-00916,0.083,0.081,5523900.85,2
APP-00917,0.028,0.124,720335.86,1
APP-00918,0.072,0.064,2686713.76,1
APP-00919,0.178,0.061,4264631.09,3
APP-00920,0.286,0.009,29890.3,2
APP-00921,0.286,0.166,1038807.35,4
APP-00922,0.004,0.049,632018.75,4
APP-00923,0.023,0.029,1251594.45,1
APP-00924,0.018,0.024,938263.68,0
APP-00925,0.206,0.037,555321.14,4
APP-00926,0.168,0.009,2990254.84,2
APP-00927,0.113,0.06,640171.4,2
APP-00928,0.069,0.018,1330231.27,1
APP-00929,0.1,0.035,1159028.36,2
APP-00930,0.087,0.015,1905882.07,0
APP-00931,0.034,0.056,1522113.87,4
APP-00932,0.415,0.299,623760.86,2
APP-00933,0.112,0.084,2533902.95,2
APP-00934,0.042,0.001,1904205.22,2
APP-00935,0.087,0.088,1967083.23,2
APP-00936,0.186,0.074,990977.2,2
APP-00937,0.193,0.214,352590.08,0
APP-00938,0.047,0.037,1518055.25,1
APP-00939,0.088,0.029,3613515.94,0
APP-00940,0.314,0.174,1549722.77,5
APP-00941,0.133,0.055,892365.72,3
APP-00942,0.173,0.081,3337016.05,1
APP-00943,0.074,0.008,1900795.2,1
APP-00944,0.023,0.094,797954.98,2
APP-00945,0.114,0.042,2437325.81,0
APP-00946,0.156,0.115,762679.88,1
APP-00947,0.165,0.049,1410991.34,2
APP-00948,0.089,0.109,23919.66,1
APP-00949,0.007,0.009,1190954.02,0
APP-00950,0.143,0.024,26362.17,5
APP-00951,0.215,0.225,106275.45,2
APP-00952,0.032,0.075,1885529.63,3
APP-00953,0.124,0.15,1589349.14,1
APP-00954,0.381,0.209,580393.82,2
APP-00955,0.321,0.06,962672.89,0
APP-00956,0.359,0.287,1933657.8,1
APP-00957,0.151,0.167,152736.53,2
APP-00958,0.15,0.107,15490281.0,1
APP-00959,0.467,0.03,2067278.86,3
APP-00960,0.307,0.084,2712596.88,2
APP-00961,0.119,0.146,464031.16,2
APP-00962,0.074,0.052,633696.97,1
APP-00963,0.03,0.052,48502.51,2
APP-00964,0.185,0.051,1538109.65,1
APP-00965,0.103,0.087,1185689.63,4
APP-00966,0.154,0.072,278623.75,1
APP-00967,0.287,0.079,908792.38,0
APP-00968,0.056,0.129,265787.33,2
APP-00969,0.117,0.027,3200472.49,0
APP-00970,0.011,0.041,110066.35,1
APP-00971,0.154,0.078,1025246.15,1
APP-00972,0.149,0.151,1385335.71,0
APP-00973,0.136,0.055,1769192.46,2
APP-00974,0.345,0.025,1335370.45,2
APP-00975,0.065,0.104,635755.39,3
APP-00976,0.231,0.053,530057.77,3
APP-00977,0.062,0.057,921421.01,2
APP-00978,0.17,0.072,292324.11,2
APP-00979,0.014,0.053,325451.67,1
APP-00980,0.257,0.104,987594.27,1
APP-00981,0.485,0.007,456510.13,4
APP-00982,0.073,0.019,77818.5,4
APP-00983,0.087,0.01,479701.6,0
APP-00984,0.032,0.261,2123246.4,1
APP-00985,0.221,0.042,1863595.34,0
APP-00986,0.166,0.038,758771.55,1
APP-00987,0.116,0.062,367293.55,1
APP-00988,0.236,0.034,858425.27,2
APP-00989,0.121,0.12,501514.34,1
APP-00990,0.239,0.017,308093.44,2
APP-00991,0.114,0.056,3926251.69,2
APP-00992,0.399,0.013,8778765.37,3
APP-00993,0.031,0.085,6301369.28,1
APP-00994,0.125,0.063,482187.76,0
APP-00995,0.201,0.013,515097.64,2
APP-00996,0.278,0.046,520674.04,1
APP-00997,0.081,0.11,3791906.23,1
APP-00998,0.171,0.016,244672.43,0
APP-00999,0.072,0.092,2294676.21,0
APP-01000,0.265,0.087,2833200.4,2
APP-01001,0.085,0.249,1035672.67,0
APP-01002,0.165,0.045,853895.84,3
APP-01003,0.089,0.007,66045.7,3
APP-01004,0.089,0.118,3067941.53,2
APP-01005,0.157,0.093,282296.61,2
APP-01006,0.357,0.07,2469356.33,3
APP-01007,0.221,0.058,2193282.96,1
APP-01008,0.142,0.022,115758.71,1
APP-01009,0.128,0.165,3710702.26,1
APP-01010,0.045,0.027,145313.15,0
APP-01011,0.024,0.334,94774.9,2
APP-01012,0.074,0.039,7063601.67,1
APP-01013,0.258,0.041,600736.87,2
APP-01014,0.057,0.054,351576.97,2
APP-01015,0.111,0.069,470812.34,2
APP-01016,0.167,0.013,473511.79,1
APP-01017,0.188,0.022,673614.66,0
APP-01018,0.205,0.081,240493.24,2
APP-01019,0.09,0.165,1429911.8,1
APP-01020,0.139,0.04,478331.98,2
APP-01021,0.077,0.071,1576007.59,2
APP-01022,0.111,0.167,822047.31,2
APP-01023,0.072,0.018,876994.42,2
APP-01024,0.163,0.246,2324938.96,0
APP-01025,0.182,0.139,202874.18,4
APP-01026,0.186,0.041,1130535.79,0
APP-01027,0.042,0.183,205054.36,3
APP-01028,0.12,0.059,664257.94,0
APP-01029,0.069,0.058,988389.63,1
APP-01030,0.059,0.123,178798.94,0
APP-01031,0.05,0.16,5134898.82,2
APP-01032,0.18,0.068,808329.34,0
APP-01033,0.248,0.035,720354.17,0
APP-01034,0.057,0.053,631649.89,2
APP-01035,0.072,0.056,1010782.1,1
APP-01036,0.304,0.13,1706964.09,0
APP-01037,0.023,0.017,4911288.97,1
APP-01038,0.064,0.074,78682.51,0
APP-01039,0.129,0.188,4624946.83,1
APP-01040,0.128,0.031,1080403.26,1
APP-01041,0.445,0.093,259579.03,0
APP-01042,0.094,0.006,1461685.06,0
APP-01043,0.097,0.024,1184461.5,2
APP-01044,0.166,0.069,1295645.71,2
APP-01045,0.144,0.11,248470.81,0
APP-01046,0.013,0.039,358402.89,0
APP-01047,0.096,0.069,806007.31,0
APP-01048,0.131,0.013,3006618.24,1
APP-01049,0.311,0.025,559767.91,3
APP-01050,0.066,0.058,1943797.98,3
APP-01051,0.083,0.203,99628.2,0
APP-01052,0.241,0.002,1391887.29,1
APP-01053,0.033,0.129,133669.81,1
APP-01054,0.135,0.067,6714205.88,2
APP-01055,0.043,0.151,40387.5,1
APP-01056,0.199,0.023,6118543.16,2
APP-01057,0.039,0.107,922964.78,1
APP-01058,0.145,0.068,2070734.45,2
APP-01059,0.022,0.161,845396.69,4
APP-01060,0.024,0.026,1517285.06,3
APP-01061,0.294,0.006,837907.27,1
APP-01062,0.046,0.109,585194.78,0
APP-01063,0.128,0.008,583203.67,1
APP-01064,0.155,0.115,4189258.97,1
APP-01065,0.157,0.041,607221.67,1
APP-01066,0.096,0.013,185712.86,1
APP-01067,0.098,0.214,481069.56,3
APP-01068,0.285,0.06,1061194.09,0
APP-01069,0.351,0.134,310722.61,4
APP-01070,0.116,0.061,334047.23,3
APP-01071,0.06,0.05,868755.94,1
APP-01072,0.143,0.1,221884.44,2
APP-01073,0.029,0.043,1159971.1,1
APP-01074,0.109,0.208,108643.85,1
APP-01075,0.284,0.272,649695.59,3
APP-01076,0.088,0.018,787409.11,3
APP-01077,0.397,0.036,4895614.01,1
APP-01078,0.155,0.145,27758954.58,1
APP-01079,0.24,0.101,461415.05,1
APP-01080,0.177,0.07,584805.74,0
APP-01081,0.142,0.097,1448303.73,2
APP-01082,0.017,0.04,1781479.3,8
APP-01083,0.11,0.129,3111064.67,4
APP-01084,0.163,0.075,525815.63,2
APP-01085,0.331,0.002,1768725.69,4
APP-01086,0.07,0.093,496442.34,1
APP-01087,0.147,0.083,91523.38,1
APP-01088,0.264,0.09,299237.96,1
APP-01089,0.126,0.066,2045807.06,0
APP-01090,0.359,0.016,866505.75,2
APP-01091,0.077,0.146,953146.8,1
APP-01092,0.022,0.102,735900.1,0
APP-01093,0.139,0.025,3107307.11,0
APP-01094,0.067,0.058,946249.61,4
APP-01095,0.053,0.239,67919.48,3
APP-01096,0.106,0.075,2775196.24,0
APP-01097,0.107,0.013,9604495.3,2
APP-01098,0.295,0.051,1686775.58,2
APP-01099,0.05,0.066,700001.47,0
APP-01100,0.052,0.113,5005050.18,0
APP-01101,0.332,0.289,6213891.76,2
APP-01102,0.032,0.017,3500326.78,0
APP-01103,0.181,0.028,2200073.58,1
APP-01104,0.032,0.044,1363068.65,1
APP-01105,0.202,0.116,409584.21,3
APP-01106,0.084,0.044,3439176.3,1
APP-01107,0.088,0.032,463653.99,2
APP-01108,0.086,0.005,773663.39,0
APP-01109,0.144,0.055,3579441.48,3
APP-01110,0.027,0.028,662733.83,0
APP-01111,0.068,0.042,5327244.63,1
APP-01112,0.021,0.02,276347.25,0
APP-01113,0.041,0.045,53092.1,2
APP-01114,0.058,0.029,833508.09,3
APP-01115,0.091,0.012,1527583.44,1
APP-01116,0.379,0.105,1931161.66,1
APP-01117,0.032,0.048,5093000.63,1
APP-01118,0.346,0.061,1247808.5,0
APP-01119,0.161,0.109,2264848.72,4
APP-01120,0.247,0.097,549556.26,2
APP-01121,0.124,0.063,101164.84,1
APP-01122,0.295,0.027,1323867.15,2
APP-01123,0.233,0.109,136707.31,1
APP-01124,0.085,0.017,129059.05,1
APP-01125,0.009,0.178,301588.38,3
APP-01126,0.011,0.041,1314038.66,0
APP-01127,0.117,0.031,9169146.34,1
APP-01128,0.086,0.044,1791941.86,3
APP-01129,0.152,0.104,1597602.64,1
APP-01130,0.419,0.199,228871.71,1
APP-01131,0.215,0.046,128697.1,3
APP-01132,0.049,0.01,1409676.84,0
APP-01133,0.061,0.017,882857.81,2
APP-01134,0.132,0.148,7242741.52,0
APP-01135,0.294,0.057,299278.92,0
APP-01136,0.129,0.007,1022256.81,3
APP-01137,0.302,0.003,2049068.96,2
APP-01138,0.025,0.051,413165.15,1
APP-01139,0.084,0.011,727486.11,2
APP-01140,0.31,0.08,976777.31,2
APP-01141,0.074,0.008,1658988.72,0
APP-01142,0.141,0.027,8442.66,1
APP-01143,0.29,0.072,279668.16,2
APP-01144,0.056,0.13,1063264.38,1
APP-01145,0.106,0.203,1930926.63,1
APP-01146,0.043,0.201,1243682.39,3
APP-01147,0.133,0.054,790225.36,1
APP-01148,0.075,0.006,620833.64,1
APP-01149,0.225,0.071,2680901.03,0
APP-01150,0.145,0.094,154752.26,3
APP-01151,0.091,0.042,1961639.67,3
APP-01152,0.082,0.135,5433511.4,1
APP-01153,0.026,0.006,1472679.84,1
APP-01154,0.223,0.148,476285.41,2
APP-01155,0.134,0.177,1696330.71,0
APP-01156,0.095,0.068,267647.86,1
APP-01157,0.156,0.018,587022.31,5
APP-01158,0.059,0.011,4654888.53,1
APP-01159,0.12,0.027,79656.09,0
APP-01160,0.221,0.09,279718.15,0
APP-01161,0.133,0.032,541313.0,1
APP-01162,0.08,0.131,349682.07,2
APP-01163,0.132,0.204,77679.02,3
APP-01164,0.228,0.07,26962.35,3
APP-01165,0.062,0.106,118454.15,2
APP-01166,0.098,0.005,510078.2,4
APP-01167,0.127,0.124,19739859.65,2
APP-01168,0.011,0.127,11217696.73,0
APP-01169,0.085,0.181,886492.47,2
APP-01170,0.253,0.019,601602.86,2
APP-01171,0.011,0.058,113671.52,2
APP-01172,0.055,0.144,127865.66,0
APP-01173,0.06,0.021,641693.58,0
APP-01174,0.058,0.056,669818.82,0
APP-01175,0.048,0.034,951454.62,1
APP-01176,0.084,0.103,101894.34,1
APP-01177,0.313,0.057,295156.18,1
APP-01178,0.025,0.055,373525.42,2
APP-01179,0.032,0.088,2763089.84,5
APP-01180,0.063,0.195,222291.22,1
APP-01181,0.339,0.107,18691.69,5
APP-01182,0.147,0.053,979600.3,1
APP-01183,0.138,0.146,762037.21,2
APP-01184,0.256,0.009,2091237.72,0
APP-01185,0.066,0.051,1305269.9,1
APP-01186,0.091,0.086,195135.21,2
APP-01187,0.013,0.014,133963.32,2
APP-01188,0.101,0.102,2577424.18,1
APP-01189,0.105,0.048,802756.01,1
APP-01190,0.274,0.009,96574.6,0
APP-01191,0.053,0.032,5602283.78,0
APP-01192,0.357,0.132,584894.64,0
APP-01193,0.423,0.03,184882.4,1
APP-01194,0.091,0.012,3546221.29,2
APP-01195,0.015,0.074,7231575.18,1
APP-01196,0.109,0.066,3807050.27,0
APP-01197,0.194,0.166,220915.0,0
APP-01198,0.344,0.045,605741.6,2
APP-01199,0.228,0.011,790429.7,2
APP-01200,0.31,0.093,97591.45,2
